NOOFTEST ,TEST1,TEST2,TEST3,NOOFQUESTIONS,PROGRAMMINGLANGUAGE,LEARNINGVIDEOES,PRACTICETEST,VAL,NOOFSTUDENTSATTENDED,TIMETAKEN,NOOFTIMESCOMPILED,NOOFHINTSUSED,CORRECT,WRONG,PARTIALLYCORRECT,MAXIMUMMARK,DIFFICULTY
1,98,96,85,3,1,3,1,78,490506,6945,10,2,245253,163502,81751,89.25,1
3,85,91,60,3,1,2,1,57,5258757,5313,2,3,2629378.5,1752919,876459.5,73.25,1
3,56,75,87,3,1,4,1,99,1766106,7725,12,1,883053,588702,294351,79.25,1
1,95,95,62,3,4,1,1,79,5610319,6793,4,2,2805159.5,1870106.333,935053.1667,82.75,1
3,62,100,55,3,2,4,1,76,5820980,482,8,3,2910490,1940326.667,970163.3333,73.25,1
1,70,86,53,3,1,5,1,76,2004279,1762,2,2,1002139.5,668093,334046.5,71.25,1
1,95,62,70,3,1,3,1,82,6647500,7792,11,2,3323750,2215833.333,1107916.667,77.25,1
3,59,81,90,3,4,3,1,75,2570891,1089,15,2,1285445.5,856963.6667,428481.8333,76.25,1
1,63,72,84,3,1,1,1,73,5209534,2136,15,2,2604767,1736511.333,868255.6667,73,1
3,72,86,71,3,1,1,1,64,93966,2588,15,3,46983,31322,15661,73.25,1
2,69,52,62,3,2,1,1,67,3181250,2765,7,2,1590625,1060416.667,530208.3333,62.5,1
2,70,91,72,3,4,3,1,93,3496819,7830,4,2,1748409.5,1165606.333,582803.1667,81.5,1
2,70,61,67,3,4,3,1,71,6499297,2565,5,3,3249648.5,2166432.333,1083216.167,67.25,1
3,61,70,72,3,4,1,1,92,6211956,211,11,2,3105978,2070652,1035326,73.75,1
1,51,98,86,3,4,4,1,96,6782224,7602,10,1,3391112,2260741.333,1130370.667,82.75,1
3,77,68,67,3,2,5,1,57,226391,5933,6,1,113195.5,75463.66667,37731.83333,67.25,1
2,72,68,96,3,1,5,1,71,545689,5713,5,1,272844.5,181896.3333,90948.16667,76.75,1
1,97,78,87,3,2,4,1,92,3415546,3820,4,1,1707773,1138515.333,569257.6667,88.5,1
3,97,64,53,3,4,4,1,95,1693498,2235,15,1,846749,564499.3333,282249.6667,77.25,1
3,62,67,82,3,3,5,1,69,5770413,1917,3,3,2885206.5,1923471,961735.5,70,1
2,71,85,78,3,1,3,1,83,2115936,5757,9,3,1057968,705312,352656,79.25,1
3,59,54,68,3,1,3,1,51,2226692,200,2,2,1113346,742230.6667,371115.3333,58,1
2,53,86,55,3,3,1,1,100,4394486,7396,12,1,2197243,1464828.667,732414.3333,73.5,1
1,59,60,71,3,1,5,1,81,6618822,2055,13,2,3309411,2206274,1103137,67.75,1
2,85,97,79,3,4,5,1,64,1546487,2717,11,1,773243.5,515495.6667,257747.8333,81.25,1
1,59,56,100,3,4,4,1,53,3446956,8844,5,2,1723478,1148985.333,574492.6667,67,1
2,67,83,61,3,3,2,1,62,168281,8085,9,3,84140.5,56093.66667,28046.83333,68.25,1
2,51,71,94,3,3,5,1,68,4632362,4306,4,1,2316181,1544120.667,772060.3333,71,1
2,65,51,68,3,2,4,1,62,972712,8740,15,2,486356,324237.3333,162118.6667,61.5,1
1,54,93,86,3,3,5,1,78,3092098,2161,7,3,1546049,1030699.333,515349.6667,77.75,1
2,62,88,77,3,3,2,1,81,2483710,8203,1,3,1241855,827903.3333,413951.6667,77,1
3,83,90,64,3,3,3,1,96,5868115,5145,11,3,2934057.5,1956038.333,978019.1667,83.25,1
3,99,90,82,3,4,5,1,52,4090223,8381,2,2,2045111.5,1363407.667,681703.8333,80.75,1
1,99,87,94,3,3,4,1,50,5686398,5575,4,1,2843199,1895466,947733,82.5,1
1,94,97,84,3,2,1,1,52,545424,5019,9,1,272712,181808,90904,81.75,1
1,90,63,65,3,4,4,1,60,1959163,5174,1,3,979581.5,653054.3333,326527.1667,69.5,1
2,60,77,88,3,3,2,1,58,335555,3010,6,2,167777.5,111851.6667,55925.83333,70.75,1
1,95,93,52,3,3,1,1,55,1130303,3782,15,3,565151.5,376767.6667,188383.8333,73.75,1
1,64,96,57,3,1,4,1,51,2500278,8874,10,3,1250139,833426,416713,67,3
2,74,59,87,3,2,3,1,71,409761,4482,6,3,204880.5,136587,68293.5,72.75,3
2,81,77,55,3,1,3,1,84,3893555,2448,14,2,1946777.5,1297851.667,648925.8333,74.25,3
1,62,75,89,3,2,1,1,56,6954972,8386,2,1,3477486,2318324,1159162,70.5,3
3,57,81,83,3,4,2,1,63,2628202,3772,3,2,1314101,876067.3333,438033.6667,71,3
2,100,65,53,3,2,2,1,76,2304542,1026,7,2,1152271,768180.6667,384090.3333,73.5,3
3,62,65,59,3,3,3,1,54,1824707,1285,9,3,912353.5,608235.6667,304117.8333,60,3
1,78,79,58,3,2,2,1,61,6231581,5437,13,2,3115790.5,2077193.667,1038596.833,69,3
2,93,50,83,3,1,5,1,81,895070,636,2,3,447535,298356.6667,149178.3333,76.75,3
2,79,92,80,3,1,1,1,96,403967,2865,10,1,201983.5,134655.6667,67327.83333,86.75,3
2,86,55,72,3,4,4,1,88,4306205,2697,15,1,2153102.5,1435401.667,717700.8333,75.25,3
1,70,90,76,3,4,3,1,52,415030,7801,9,1,207515,138343.3333,69171.66667,72,3
2,79,82,73,3,4,4,1,56,6953037,601,4,2,3476518.5,2317679,1158839.5,72.5,3
1,97,91,93,3,2,2,1,93,2270829,7397,6,3,1135414.5,756943,378471.5,93.5,3
2,78,97,78,3,4,4,1,96,4080822,2288,9,1,2040411,1360274,680137,87.25,3
1,79,95,98,3,3,1,1,62,6838972,3984,3,3,3419486,2279657.333,1139828.667,83.5,3
1,61,75,63,3,4,5,1,71,2297995,3021,4,2,1148997.5,765998.3333,382999.1667,67.5,3
3,99,57,73,3,4,1,1,86,6918245,7247,14,3,3459122.5,2306081.667,1153040.833,78.75,3
1,77,89,56,3,2,2,1,68,1195583,6877,14,3,597791.5,398527.6667,199263.8333,72.5,3
3,58,83,86,3,1,5,1,84,4608272,904,13,1,2304136,1536090.667,768045.3333,77.75,3
3,97,87,50,3,3,3,1,80,2294925,8490,10,2,1147462.5,764975,382487.5,78.5,3
2,91,69,57,3,2,3,1,84,721525,4668,6,1,360762.5,240508.3333,120254.1667,75.25,3
3,78,86,56,3,2,2,1,88,6689073,7974,5,2,3344536.5,2229691,1114845.5,77,3
1,80,91,92,3,4,4,1,60,337658,6462,15,3,168829,112552.6667,56276.33333,80.75,3
1,67,76,66,3,3,3,1,97,5850377,8791,1,2,2925188.5,1950125.667,975062.8333,76.5,3
3,57,83,75,3,1,1,1,80,6963940,1001,2,1,3481970,2321313.333,1160656.667,73.75,3
2,87,98,77,3,2,2,1,90,3723907,4511,1,3,1861953.5,1241302.333,620651.1667,88,3
3,73,94,76,3,1,3,1,94,3016749,7145,3,2,1508374.5,1005583,502791.5,84.25,3
1,74,81,68,3,3,2,1,78,6613308,3976,3,2,3306654,2204436,1102218,75.25,3
1,69,75,72,3,2,2,1,67,5089923,2411,10,2,2544961.5,1696641,848320.5,70.75,3
2,98,74,64,3,2,4,1,69,6418699,4568,10,1,3209349.5,2139566.333,1069783.167,76.25,3
2,64,69,86,3,3,2,1,67,4994314,449,7,1,2497157,1664771.333,832385.6667,71.5,3
1,74,50,66,3,1,2,1,66,2689441,3928,2,1,1344720.5,896480.3333,448240.1667,64,3
3,54,80,79,3,1,4,1,64,6590274,8881,15,2,3295137,2196758,1098379,69.25,3
1,51,87,62,3,2,5,1,84,5471588,1746,9,3,2735794,1823862.667,911931.3333,71,3
1,82,94,90,3,4,2,1,61,5793619,5702,5,3,2896809.5,1931206.333,965603.1667,81.75,3
3,69,83,78,3,1,2,1,62,744379,3712,4,3,372189.5,248126.3333,124063.1667,73,3
3,78,52,78,3,4,4,1,100,5265768,4905,3,1,2632884,1755256,877628,77,3
1,52,94,80,3,1,1,1,98,3368695,5637,8,2,1684347.5,1122898.333,561449.1667,81,3
2,89,59,89,3,1,5,1,94,1486484,7861,12,2,743242,495494.6667,247747.3333,82.75,3
2,50,89,84,3,3,1,1,64,5222699,5773,3,3,2611349.5,1740899.667,870449.8333,71.75,3
1,94,59,60,3,1,2,1,83,3160198,3978,1,3,1580099,1053399.333,526699.6667,74,3
1,59,85,78,3,3,2,1,88,1291501,6624,6,2,645750.5,430500.3333,215250.1667,77.5,3
3,93,63,68,3,3,2,1,54,5433568,7668,3,3,2716784,1811189.333,905594.6667,69.5,3
2,99,68,69,3,2,5,1,99,3068957,476,11,1,1534478.5,1022985.667,511492.8333,83.75,3
1,59,67,100,3,1,2,1,70,1858963,6424,11,3,929481.5,619654.3333,309827.1667,74,3
2,76,65,62,3,2,1,1,88,3372978,1221,15,1,1686489,1124326,562163,72.75,3
2,56,86,82,3,2,5,1,73,6861336,5490,14,1,3430668,2287112,1143556,74.25,3
2,96,68,53,3,3,2,1,59,6942956,2187,6,3,3471478,2314318.667,1157159.333,69,3
3,61,90,53,3,4,5,1,93,97970,7469,7,1,48985,32656.66667,16328.33333,74.25,3
2,86,95,58,3,1,2,1,90,675054,2623,6,1,337527,225018,112509,82.25,3
3,78,69,95,3,4,4,1,95,5108190,8989,15,3,2554095,1702730,851365,84.25,3
3,98,88,74,3,1,1,1,93,5723059,8744,9,2,2861529.5,1907686.333,953843.1667,88.25,3
2,88,74,77,3,2,4,1,71,2197360,6096,4,3,1098680,732453.3333,366226.6667,77.5,3
1,52,97,58,3,1,3,1,63,4085327,5147,13,1,2042663.5,1361775.667,680887.8333,67.5,3
3,60,93,51,3,4,3,1,82,2525875,1804,5,1,1262937.5,841958.3333,420979.1667,71.5,3
1,59,76,77,3,2,3,1,67,3752584,2596,7,2,1876292,1250861.333,625430.6667,69.75,3
2,74,87,95,3,2,4,1,81,6624651,3065,12,2,3312325.5,2208217,1104108.5,84.25,3
1,83,54,94,3,3,1,1,65,4928661,5344,15,1,2464330.5,1642887,821443.5,74,3
3,68,56,91,3,4,1,1,88,1822721,4898,1,2,911360.5,607573.6667,303786.8333,75.75,3
2,90,80,51,3,1,5,1,55,6344347,2852,13,2,3172173.5,2114782.333,1057391.167,69,3
3,67,92,80,3,1,2,1,79,1848924,6956,2,3,924462,616308,308154,79.5,3
1,52,60,84,3,2,5,1,53,4163239,7324,7,3,2081619.5,1387746.333,693873.1667,62.25,3
2,82,61,71,3,3,2,1,90,2026101,8409,2,3,1013050.5,675367,337683.5,76,3
1,61,63,71,3,2,4,1,87,2071385,811,10,1,1035692.5,690461.6667,345230.8333,70.5,3
3,52,84,68,3,4,3,1,88,2583896,6999,9,1,1291948,861298.6667,430649.3333,73,3
2,62,73,75,3,1,3,1,62,3297331,8164,5,2,1648665.5,1099110.333,549555.1667,68,3
1,59,75,62,3,1,5,1,69,6768985,6056,6,1,3384492.5,2256328.333,1128164.167,66.25,3
2,97,99,94,3,2,3,1,98,4818350,2297,4,2,2409175,1606116.667,803058.3333,97,3
1,96,94,64,3,1,2,1,71,1936719,4479,13,3,968359.5,645573,322786.5,81.25,2
1,62,77,59,3,2,3,1,50,4978933,3218,6,2,2489466.5,1659644.333,829822.1667,62,2
3,89,98,64,3,1,2,1,53,1872889,3014,2,1,936444.5,624296.3333,312148.1667,76,2
2,98,100,84,3,4,5,1,98,36030,558,3,2,18015,12010,6005,95,2
1,79,92,97,3,4,1,1,60,3682446,4128,10,2,1841223,1227482,613741,82,2
2,55,96,59,3,3,4,1,63,2529636,5985,14,3,1264818,843212,421606,68.25,2
3,85,77,100,3,3,4,1,50,3650582,813,6,2,1825291,1216860.667,608430.3333,78,2
3,57,70,57,3,1,2,1,51,5861939,7960,11,3,2930969.5,1953979.667,976989.8333,58.75,2
1,66,74,88,3,3,1,1,87,5780640,8706,12,1,2890320,1926880,963440,78.75,2
3,86,50,78,3,2,2,1,63,5597394,6409,15,1,2798697,1865798,932899,69.25,2
2,79,73,85,3,4,4,1,96,4987801,8043,10,3,2493900.5,1662600.333,831300.1667,83.25,2
3,83,60,64,3,1,1,1,73,5016950,3586,3,2,2508475,1672316.667,836158.3333,70,2
1,90,53,58,3,2,2,1,98,5976192,7298,15,2,2988096,1992064,996032,74.75,2
3,92,100,70,3,3,3,1,93,5955188,1148,14,3,2977594,1985062.667,992531.3333,88.75,2
1,80,82,50,3,1,4,1,57,1129328,1926,4,3,564664,376442.6667,188221.3333,67.25,2
2,54,86,59,3,3,4,1,74,3309718,8458,5,2,1654859,1103239.333,551619.6667,68.25,2
1,70,85,59,3,2,2,1,70,758605,3469,3,3,379302.5,252868.3333,126434.1667,71,2
1,68,56,79,3,1,1,1,86,2280477,4222,7,3,1140238.5,760159,380079.5,72.25,2
2,90,79,74,3,1,2,1,60,4642581,1621,1,3,2321290.5,1547527,773763.5,75.75,2
2,72,90,67,3,3,4,1,99,516165,8560,5,3,258082.5,172055,86027.5,82,2
1,93,94,90,3,1,4,1,59,3564206,6169,3,3,1782103,1188068.667,594034.3333,84,2
1,79,91,76,3,4,3,1,91,4505843,6833,15,3,2252921.5,1501947.667,750973.8333,84.25,2
2,97,72,65,3,1,1,1,74,4448054,4042,6,2,2224027,1482684.667,741342.3333,77,2
3,98,58,50,3,3,2,1,96,1238871,2208,3,3,619435.5,412957,206478.5,75.5,2
1,91,51,72,3,3,5,1,65,3686697,5299,8,1,1843348.5,1228899,614449.5,69.75,2
3,55,66,50,3,2,4,1,100,4052069,6324,14,2,2026034.5,1350689.667,675344.8333,67.75,2
2,75,97,76,3,3,3,1,100,4471796,566,11,3,2235898,1490598.667,745299.3333,87,2
3,50,54,52,3,2,4,1,81,3708484,5220,13,3,1854242,1236161.333,618080.6667,59.25,2
2,71,78,98,3,4,4,1,91,990958,108,7,2,495479,330319.3333,165159.6667,84.5,2
3,82,94,97,3,4,3,1,78,2956594,330,10,1,1478297,985531.3333,492765.6667,87.75,2
3,62,82,54,3,3,2,1,56,5344187,531,14,2,2672093.5,1781395.667,890697.8333,63.5,2
3,99,72,79,3,2,3,1,89,2727200,3070,14,2,1363600,909066.6667,454533.3333,84.75,2
3,94,90,57,3,4,5,1,98,2889472,8499,12,1,1444736,963157.3333,481578.6667,84.75,2
1,87,51,84,3,3,1,1,65,4417068,7618,5,1,2208534,1472356,736178,71.75,2
2,94,77,87,3,3,4,1,75,4649433,3010,3,1,2324716.5,1549811,774905.5,83.25,2
3,65,66,51,3,2,4,1,69,3330707,5853,7,3,1665353.5,1110235.667,555117.8333,62.75,2
2,58,72,53,3,4,3,1,96,6344412,1570,7,3,3172206,2114804,1057402,69.75,2
3,74,82,72,3,2,3,1,100,3377474,1760,3,1,1688737,1125824.667,562912.3333,82,2
1,67,98,99,3,1,2,1,58,3735769,111,13,2,1867884.5,1245256.333,622628.1667,80.5,2
3,87,68,76,3,2,2,1,50,3909456,245,9,2,1954728,1303152,651576,70.25,2
2,65,91,58,3,4,1,1,90,6379747,5741,14,1,3189873.5,2126582.333,1063291.167,76,2
1,83,83,52,3,3,5,1,56,6615948,3960,14,3,3307974,2205316,1102658,68.5,2
3,64,52,71,3,4,2,1,73,544963,4202,11,2,272481.5,181654.3333,90827.16667,65,2
3,74,91,87,3,2,2,1,50,2895158,7157,1,3,1447579,965052.6667,482526.3333,75.5,2
3,53,95,54,3,2,5,1,82,502857,8295,9,2,251428.5,167619,83809.5,71,2
2,90,80,78,3,2,4,1,54,1597546,6224,10,3,798773,532515.3333,266257.6667,75.5,2
1,99,90,92,3,3,5,1,70,1822707,513,2,3,911353.5,607569,303784.5,87.75,2
1,98,81,73,3,1,5,1,63,300208,1033,9,2,150104,100069.3333,50034.66667,78.75,2
2,85,88,64,3,1,1,1,85,5437282,7469,6,1,2718641,1812427.333,906213.6667,80.5,2
2,51,66,50,3,2,3,1,89,4304637,2460,1,3,2152318.5,1434879,717439.5,64,2
1,78,96,96,3,4,3,1,59,5681765,6278,15,3,2840882.5,1893921.667,946960.8333,82.25,2
2,51,53,51,3,4,4,1,69,4492193,5107,10,3,2246096.5,1497397.667,748698.8333,56,2
3,80,92,91,3,2,1,1,65,6193932,6754,7,3,3096966,2064644,1032322,82,2
1,74,78,66,3,4,2,1,82,4518022,6019,10,3,2259011,1506007.333,753003.6667,75,2
3,76,75,90,3,2,2,1,57,5656610,1224,10,1,2828305,1885536.667,942768.3333,74.5,2
3,75,58,78,3,2,5,1,77,3742097,310,7,3,1871048.5,1247365.667,623682.8333,72,2
2,70,93,80,3,1,3,1,91,2452973,2526,5,3,1226486.5,817657.6667,408828.8333,83.5,2
1,65,69,96,3,4,4,1,67,2340817,2053,15,1,1170408.5,780272.3333,390136.1667,74.25,2
2,55,53,65,3,2,3,1,64,1862866,4808,12,2,931433,620955.3333,310477.6667,59.25,2
2,90,66,73,3,1,4,1,65,1820374,638,2,2,910187,606791.3333,303395.6667,73.5,2
1,67,72,87,3,3,3,1,98,706134,4999,8,1,353067,235378,117689,81,2
3,68,96,95,3,2,3,1,98,1523705,998,15,3,761852.5,507901.6667,253950.8333,89.25,2
2,62,98,56,3,4,4,1,84,6421985,1318,14,1,3210992.5,2140661.667,1070330.833,75,2
2,91,55,60,3,2,5,1,86,2894458,1853,12,2,1447229,964819.3333,482409.6667,73,2
2,64,97,78,3,1,2,1,72,6368773,4558,3,3,3184386.5,2122924.333,1061462.167,77.75,2
3,68,56,66,3,1,3,1,77,4072160,8773,11,1,2036080,1357386.667,678693.3333,66.75,2
3,83,74,51,3,4,4,1,55,1604294,3967,6,2,802147,534764.6667,267382.3333,65.75,2
2,69,100,50,3,1,3,1,89,547150,737,13,1,273575,182383.3333,91191.66667,77,2
1,85,62,56,3,1,5,1,85,2956405,4305,4,1,1478202.5,985468.3333,492734.1667,72,2
3,79,80,92,3,3,2,1,62,4536917,5108,5,3,2268458.5,1512305.667,756152.8333,78.25,2
2,82,81,96,3,3,2,1,83,2443993,4845,10,3,1221996.5,814664.3333,407332.1667,85.5,2
3,62,74,92,3,1,1,1,54,375285,6103,6,1,187642.5,125095,62547.5,70.5,2
2,66,84,92,3,1,4,1,86,4756020,964,15,2,2378010,1585340,792670,82,2
3,67,62,53,3,2,2,1,94,2511418,3089,3,3,1255709,837139.3333,418569.6667,69,2
1,92,64,99,3,1,4,1,75,6317220,358,6,2,3158610,2105740,1052870,82.5,2
2,73,66,73,3,2,4,1,61,1115315,8268,14,1,557657.5,371771.6667,185885.8333,68.25,2
2,86,78,73,3,4,1,1,68,4275337,8860,2,1,2137668.5,1425112.333,712556.1667,76.25,2
1,85,64,61,3,2,4,1,78,6265916,4641,13,2,3132958,2088638.667,1044319.333,72,2
2,69,53,53,3,3,1,1,57,228758,4324,2,2,114379,76252.66667,38126.33333,58,2
2,86,64,94,3,1,3,1,69,5762379,5766,7,2,2881189.5,1920793,960396.5,78.25,2
3,97,61,70,3,2,2,1,68,2321148,1297,1,1,1160574,773716,386858,74,2
2,60,77,89,3,4,2,1,83,681835,4407,4,2,340917.5,227278.3333,113639.1667,77.25,2
2,76,78,80,3,3,5,1,60,6606015,2990,14,3,3303007.5,2202005,1101002.5,73.5,2
1,52,83,83,3,3,4,1,74,4406647,3400,12,2,2203323.5,1468882.333,734441.1667,73,2
1,60,60,65,3,4,3,1,87,6346099,3720,9,3,3173049.5,2115366.333,1057683.167,68,2
3,78,52,79,3,3,2,1,61,2807639,2296,12,3,1403819.5,935879.6667,467939.8333,67.5,2
2,90,84,51,3,4,1,1,90,5966207,5757,13,1,2983103.5,1988735.667,994367.8333,78.75,2
1,58,61,81,3,1,3,1,97,3755939,3339,4,2,1877969.5,1251979.667,625989.8333,74.25,2
1,65,51,58,3,3,2,1,74,4764339,6842,9,2,2382169.5,1588113,794056.5,62,2
1,55,76,89,3,4,1,1,65,3370503,8012,5,2,1685251.5,1123501,561750.5,71.25,2
2,52,91,96,3,1,4,1,74,2931183,1518,5,1,1465591.5,977061,488530.5,78.25,2
3,57,82,91,3,3,5,1,78,4244147,8499,15,2,2122073.5,1414715.667,707357.8333,77,2
3,97,82,61,3,3,2,1,54,1070731,5997,2,2,535365.5,356910.3333,178455.1667,73.5,2
2,78,73,54,3,1,3,1,81,2062953,6981,7,1,1031476.5,687651,343825.5,71.5,2
1,82,72,97,3,2,2,1,90,3908624,1066,11,1,1954312,1302874.667,651437.3333,85.25,2
3,88,97,61,3,1,5,1,88,4160884,5810,3,1,2080442,1386961.333,693480.6667,83.5,2
2,84,86,66,3,2,5,1,63,6851927,8829,14,2,3425963.5,2283975.667,1141987.833,74.75,2
1,71,52,59,3,2,5,1,73,1566150,345,6,1,783075,522050,261025,63.75,2
1,57,59,60,3,3,1,1,79,3264327,5673,2,2,1632163.5,1088109,544054.5,63.75,2
1,51,99,96,3,3,3,1,100,3702072,1129,15,2,1851036,1234024,617012,86.5,2
2,80,73,85,3,3,5,1,85,4038701,868,4,1,2019350.5,1346233.667,673116.8333,80.75,2
1,94,75,62,3,3,2,1,90,5386937,649,9,1,2693468.5,1795645.667,897822.8333,80.25,2
2,93,54,72,3,3,3,1,78,3275007,2319,7,3,1637503.5,1091669,545834.5,74.25,2
1,57,82,68,3,3,4,1,100,6345538,8635,3,2,3172769,2115179.333,1057589.667,76.75,2
2,75,92,54,3,4,3,1,65,1805979,7276,1,3,902989.5,601993,300996.5,71.5,2
1,72,75,86,3,1,2,1,55,370614,1397,13,3,185307,123538,61769,72,2
2,99,58,81,3,4,4,1,59,6779685,3413,15,1,3389842.5,2259895,1129947.5,74.25,2
3,75,69,91,3,4,3,1,59,53612,5513,10,3,26806,17870.66667,8935.333333,73.5,2
1,51,91,93,3,2,4,1,100,2321990,7980,5,1,1160995,773996.6667,386998.3333,83.75,2
3,96,69,81,3,2,2,1,68,6949468,8866,5,1,3474734,2316489.333,1158244.667,78.5,2
2,85,79,51,3,1,3,1,54,5435385,2384,4,2,2717692.5,1811795,905897.5,67.25,2
2,71,52,57,3,1,4,1,76,1614187,3374,11,3,807093.5,538062.3333,269031.1667,64,2
1,78,93,87,3,2,3,1,80,2025003,4822,2,3,1012501.5,675001,337500.5,84.5,2
2,56,87,55,3,3,5,1,53,1874960,1814,14,2,937480,624986.6667,312493.3333,62.75,2
2,79,69,54,3,2,5,1,75,6887804,755,15,1,3443902,2295934.667,1147967.333,69.25,2
1,95,80,65,3,2,2,1,51,6009577,8886,13,1,3004788.5,2003192.333,1001596.167,72.75,2
3,55,83,51,3,4,5,1,56,6953824,8971,4,1,3476912,2317941.333,1158970.667,61.25,2
2,81,96,99,3,2,2,1,88,1074717,4458,8,2,537358.5,358239,179119.5,91,2
1,84,75,81,3,1,4,1,90,1287189,1813,3,1,643594.5,429063,214531.5,82.5,2
2,69,76,59,3,3,1,1,91,2499745,8378,3,1,1249872.5,833248.3333,416624.1667,73.75,2
1,68,90,90,3,4,1,1,52,3527567,8929,15,1,1763783.5,1175855.667,587927.8333,75,2
1,77,84,75,3,2,3,1,54,5385566,6776,11,2,2692783,1795188.667,897594.3333,72.5,2
3,71,83,91,3,2,5,1,75,6702851,684,14,2,3351425.5,2234283.667,1117141.833,80,2
1,86,61,100,3,2,2,1,61,1989587,672,6,1,994793.5,663195.6667,331597.8333,77,2
2,53,95,50,3,4,1,1,88,1857837,2150,7,1,928918.5,619279,309639.5,71.5,2
2,93,85,94,3,4,1,1,63,5486376,2592,11,1,2743188,1828792,914396,83.75,2
2,86,71,59,3,2,4,1,68,1868384,6706,9,2,934192,622794.6667,311397.3333,71,2
3,78,83,56,3,3,5,1,92,4072337,1463,11,3,2036168.5,1357445.667,678722.8333,77.25,2
2,69,51,79,3,3,1,1,92,5027990,7884,13,1,2513995,1675996.667,837998.3333,72.75,2
3,83,51,77,3,2,3,1,86,5505454,968,13,3,2752727,1835151.333,917575.6667,74.25,2
1,95,96,76,3,4,1,1,73,1690282,3043,14,1,845141,563427.3333,281713.6667,85,2
2,54,60,75,3,4,1,1,100,3967509,1105,5,1,1983754.5,1322503,661251.5,72.25,2
1,85,66,50,3,2,1,1,70,5862694,3852,3,3,2931347,1954231.333,977115.6667,67.75,2
2,62,71,67,3,2,4,1,73,2149575,257,2,2,1074787.5,716525,358262.5,68.25,2
1,78,59,57,3,2,5,1,96,6844616,8557,3,1,3422308,2281538.667,1140769.333,72.5,2
2,87,80,57,3,3,5,1,81,4497689,5367,11,3,2248844.5,1499229.667,749614.8333,76.25,2
1,90,76,64,3,3,2,1,56,510598,1653,13,2,255299,170199.3333,85099.66667,71.5,2
3,64,99,82,3,3,2,1,88,738784,6289,6,1,369392,246261.3333,123130.6667,83.25,2
3,55,63,77,3,2,4,1,93,2948223,3741,11,3,1474111.5,982741,491370.5,72,2
1,51,90,59,3,2,2,1,82,1162953,6513,9,1,581476.5,387651,193825.5,70.5,2
3,56,89,70,3,4,1,1,88,5712896,8486,10,1,2856448,1904298.667,952149.3333,75.75,2
3,53,66,54,3,1,1,1,83,3265837,7948,15,2,1632918.5,1088612.333,544306.1667,64,2
1,60,95,75,3,4,4,1,85,640922,7652,9,2,320461,213640.6667,106820.3333,78.75,2
3,79,86,95,3,3,5,1,95,3620653,2843,8,3,1810326.5,1206884.333,603442.1667,88.75,2
2,97,90,55,3,1,5,1,56,5535752,2417,11,3,2767876,1845250.667,922625.3333,74.5,2
3,63,56,82,3,2,5,1,77,1916388,922,12,1,958194,638796,319398,69.5,2
2,72,88,93,3,2,3,1,51,3306110,8192,7,2,1653055,1102036.667,551018.3333,76,2
2,89,89,57,3,3,1,1,62,1572102,644,10,1,786051,524034,262017,74.25,2
3,57,61,62,3,1,5,1,77,710341,7897,3,2,355170.5,236780.3333,118390.1667,64.25,2
3,76,83,78,3,1,3,1,94,4827810,7541,5,2,2413905,1609270,804635,82.75,2
3,96,55,83,3,4,5,1,52,3170880,1926,13,2,1585440,1056960,528480,71.5,2
3,95,87,88,3,4,3,1,85,209056,1573,13,2,104528,69685.33333,34842.66667,88.75,2
2,99,69,94,3,4,4,1,61,285514,8680,2,2,142757,95171.33333,47585.66667,80.75,2
1,65,66,90,3,2,5,1,61,5026094,8166,4,3,2513047,1675364.667,837682.3333,70.5,2
3,70,55,68,3,2,5,1,69,2246405,2664,8,1,1123202.5,748801.6667,374400.8333,65.5,2
1,71,56,61,3,2,2,1,66,3856073,4824,3,2,1928036.5,1285357.667,642678.8333,63.5,2
3,84,68,92,3,3,3,1,99,4724434,1999,5,3,2362217,1574811.333,787405.6667,85.75,2
1,91,59,81,3,3,1,1,85,2998075,4561,10,2,1499037.5,999358.3333,499679.1667,79,2
2,70,80,67,3,2,3,1,63,6018100,1857,9,1,3009050,2006033.333,1003016.667,70,2
3,85,84,71,3,2,1,1,91,5496119,1804,10,2,2748059.5,1832039.667,916019.8333,82.75,2
2,89,83,73,3,3,3,1,63,1405378,5737,15,1,702689,468459.3333,234229.6667,77,2
1,78,61,85,3,1,5,1,99,1016259,7476,8,1,508129.5,338753,169376.5,80.75,2
1,71,94,97,3,4,3,1,55,5796576,8813,7,1,2898288,1932192,966096,79.25,2
1,98,68,99,3,2,2,1,55,4036928,1685,14,1,2018464,1345642.667,672821.3333,80,2
2,97,84,82,3,4,1,1,51,5690135,4412,15,3,2845067.5,1896711.667,948355.8333,78.5,2
2,64,81,100,3,2,1,1,94,6400457,6917,11,3,3200228.5,2133485.667,1066742.833,84.75,2
2,94,86,50,3,4,4,1,97,803297,7464,1,1,401648.5,267765.6667,133882.8333,81.75,2
2,92,68,70,3,4,4,1,53,5315962,2387,9,3,2657981,1771987.333,885993.6667,70.75,2
3,50,91,54,3,1,5,1,86,4409977,6101,14,3,2204988.5,1469992.333,734996.1667,70.25,2
1,65,71,81,3,2,2,1,80,3184652,7078,6,1,1592326,1061550.667,530775.3333,74.25,2
2,66,62,69,3,3,5,1,67,662147,7971,2,2,331073.5,220715.6667,110357.8333,66,2
1,69,59,59,3,3,4,1,92,1831901,6167,10,3,915950.5,610633.6667,305316.8333,69.75,2
2,80,86,92,3,4,1,1,51,1783145,8855,4,2,891572.5,594381.6667,297190.8333,77.25,2
1,60,95,85,3,4,4,1,64,149937,1254,5,2,74968.5,49979,24989.5,76,2
3,50,56,93,3,3,2,1,91,990321,4513,5,3,495160.5,330107,165053.5,72.5,2
1,70,88,55,3,3,4,1,80,2464824,6196,6,2,1232412,821608,410804,73.25,2
2,72,69,72,3,2,3,1,95,3639267,5020,7,2,1819633.5,1213089,606544.5,77,2
2,67,56,55,3,2,1,1,76,2329207,6850,7,3,1164603.5,776402.3333,388201.1667,63.5,2
3,73,81,78,3,2,2,1,72,5808768,8234,4,1,2904384,1936256,968128,76,3
2,73,87,67,3,3,1,1,67,2484864,2467,6,1,1242432,828288,414144,73.5,3
3,59,69,60,3,2,5,1,91,5538744,4813,13,1,2769372,1846248,923124,69.75,2
3,96,100,78,3,4,3,1,99,1907447,4554,6,2,953723.5,635815.6667,317907.8333,93.25,3
3,91,70,93,3,2,5,1,53,3867244,4041,5,3,1933622,1289081.333,644540.6667,76.75,3
3,53,80,99,3,1,4,1,96,6194882,7155,4,1,3097441,2064960.667,1032480.333,82,3
2,63,86,92,3,3,1,1,65,5042534,6090,14,1,2521267,1680844.667,840422.3333,76.5,3
2,91,100,63,3,2,1,1,58,3658466,8244,4,2,1829233,1219488.667,609744.3333,78,3
2,85,85,55,3,2,2,1,78,2425629,5529,3,2,1212814.5,808543,404271.5,75.75,3
2,85,90,78,3,3,4,1,93,1235814,2242,1,2,617907,411938,205969,86.5,3
2,96,59,85,3,4,4,1,87,847074,7353,4,3,423537,282358,141179,81.75,2
3,91,66,70,3,3,5,1,69,325123,8396,5,1,162561.5,108374.3333,54187.16667,74,3
3,96,92,88,3,3,5,1,71,6085256,4801,9,3,3042628,2028418.667,1014209.333,86.75,3
3,56,67,68,3,4,4,1,60,1876780,6834,13,2,938390,625593.3333,312796.6667,62.75,2
1,60,67,61,3,3,2,1,99,6568326,5136,10,1,3284163,2189442,1094721,71.75,3
2,57,66,81,3,1,1,1,85,1731400,2606,12,1,865700,577133.3333,288566.6667,72.25,3
3,92,63,68,3,3,5,1,84,1672384,3295,11,1,836192,557461.3333,278730.6667,76.75,2
1,69,96,64,3,3,1,1,57,4845913,6290,1,3,2422956.5,1615304.333,807652.1667,71.5,3
2,87,64,94,3,1,1,1,97,1260500,4687,7,2,630250,420166.6667,210083.3333,85.5,3
2,53,58,68,3,2,5,1,95,961494,7922,6,2,480747,320498,160249,68.5,3
2,55,73,75,3,3,2,1,66,3051768,3890,13,1,1525884,1017256,508628,67.25,3
3,58,97,99,3,2,4,1,83,5621884,1012,6,3,2810942,1873961.333,936980.6667,84.25,3
1,83,64,50,3,2,3,1,97,715517,3114,15,2,357758.5,238505.6667,119252.8333,73.5,3
2,98,96,98,3,3,4,1,100,3515439,813,13,1,1757719.5,1171813,585906.5,98,2
1,83,51,97,3,1,5,1,99,3611620,134,8,2,1805810,1203873.333,601936.6667,82.5,3
2,92,100,100,3,3,5,1,52,70164,6850,10,2,35082,23388,11694,86,3
3,71,65,53,3,2,5,1,66,3342359,3097,12,1,1671179.5,1114119.667,557059.8333,63.75,3
3,71,65,78,3,3,2,1,67,1843244,771,11,3,921622,614414.6667,307207.3333,70.25,3
2,59,91,93,3,1,3,1,50,2931893,3405,7,1,1465946.5,977297.6667,488648.8333,73.25,3
1,95,87,93,3,4,1,1,80,3535611,6218,12,1,1767805.5,1178537,589268.5,88.75,3
3,65,79,73,3,1,5,1,93,6620321,8821,8,3,3310160.5,2206773.667,1103386.833,77.5,2
1,92,64,99,3,2,2,1,60,6786854,1657,8,1,3393427,2262284.667,1131142.333,78.75,2
2,77,75,86,3,4,3,1,98,1131568,3336,9,2,565784,377189.3333,188594.6667,84,2
3,56,69,82,3,1,5,1,83,2015220,6443,4,1,1007610,671740,335870,72.5,2
3,53,93,71,3,3,5,1,83,909894,6974,12,3,454947,303298,151649,75,3
2,60,65,65,3,4,1,1,93,2531116,2505,1,2,1265558,843705.3333,421852.6667,70.75,3
2,78,83,58,3,4,1,1,86,570788,8557,3,2,285394,190262.6667,95131.33333,76.25,3
1,59,53,70,3,3,3,1,86,1222424,726,11,2,611212,407474.6667,203737.3333,67,3
3,100,58,64,3,2,1,1,90,66599,8423,8,3,33299.5,22199.66667,11099.83333,78,3
1,94,93,62,3,3,1,1,73,3581074,5513,11,2,1790537,1193691.333,596845.6667,80.5,3
2,67,96,54,3,2,1,1,51,5770895,7119,14,1,2885447.5,1923631.667,961815.8333,67,3
3,99,96,94,3,1,4,1,89,3187874,7049,12,1,1593937,1062624.667,531312.3333,94.5,3
1,57,82,65,3,1,5,1,88,5933617,5694,6,1,2966808.5,1977872.333,988936.1667,73,3
1,98,81,95,3,2,3,1,77,4439188,3388,10,2,2219594,1479729.333,739864.6667,87.75,3
1,61,73,96,3,1,2,1,68,3162231,3580,2,1,1581115.5,1054077,527038.5,74.5,3
2,60,79,95,3,3,3,1,88,498858,6652,7,2,249429,166286,83143,80.5,3
3,92,67,86,3,3,1,1,50,6736242,4306,15,2,3368121,2245414,1122707,73.75,2
2,97,98,74,3,4,3,1,73,6623634,8894,7,2,3311817,2207878,1103939,85.5,3
2,60,99,81,3,1,2,1,91,2796406,4682,1,2,1398203,932135.3333,466067.6667,82.75,3
1,84,94,100,3,2,5,1,94,599933,3124,6,2,299966.5,199977.6667,99988.83333,93,3
2,61,61,61,3,2,3,1,75,2251855,6322,6,2,1125927.5,750618.3333,375309.1667,64.5,2
1,51,84,81,3,1,3,1,89,6115789,1460,1,3,3057894.5,2038596.333,1019298.167,76.25,2
3,55,96,61,3,2,3,1,78,5638981,4088,2,3,2819490.5,1879660.333,939830.1667,72.5,2
2,95,97,92,3,4,1,1,65,565710,1415,9,1,282855,188570,94285,87.25,3
2,68,72,96,3,3,2,1,57,4270548,7584,6,2,2135274,1423516,711758,73.25,3
1,61,70,92,3,1,3,1,88,3995416,8552,11,1,1997708,1331805.333,665902.6667,77.75,3
3,60,53,94,3,4,1,1,93,2329844,3754,8,2,1164922,776614.6667,388307.3333,75,3
3,62,57,95,3,4,4,1,62,4143154,111,4,3,2071577,1381051.333,690525.6667,69,3
3,56,75,68,3,4,5,1,97,5799514,3357,15,3,2899757,1933171.333,966585.6667,74,3
1,100,81,99,3,1,2,1,74,1584248,7088,1,2,792124,528082.6667,264041.3333,88.5,3
1,96,98,82,3,1,1,1,71,2038201,2950,7,1,1019100.5,679400.3333,339700.1667,86.75,2
3,55,63,62,3,1,3,1,87,1957206,2464,12,2,978603,652402,326201,66.75,3
2,59,65,86,3,2,4,1,58,2536239,1507,1,1,1268119.5,845413,422706.5,67,3
2,54,64,86,3,1,4,1,92,2035588,3586,12,3,1017794,678529.3333,339264.6667,74,2
3,50,74,59,3,2,5,1,100,5673222,8965,14,1,2836611,1891074,945537,70.75,2
3,87,95,61,3,3,1,1,99,5360846,6325,9,1,2680423,1786948.667,893474.3333,85.5,3
1,53,51,100,3,1,5,1,84,6710938,5374,3,1,3355469,2236979.333,1118489.667,72,3
3,63,63,52,3,2,3,1,61,4380143,8965,4,1,2190071.5,1460047.667,730023.8333,59.75,3
1,61,73,98,3,4,4,1,89,6265926,1979,5,2,3132963,2088642,1044321,80.25,3
3,80,81,57,3,2,3,1,67,6446244,2714,1,2,3223122,2148748,1074374,71.25,3
1,100,53,60,3,2,2,1,89,5612041,2735,14,3,2806020.5,1870680.333,935340.1667,75.5,3
3,82,74,79,3,2,5,1,93,3109665,3265,7,2,1554832.5,1036555,518277.5,82,3
2,95,53,98,3,1,5,1,93,6011017,3490,1,2,3005508.5,2003672.333,1001836.167,84.75,2
3,55,69,57,3,1,5,1,74,5520767,5806,2,3,2760383.5,1840255.667,920127.8333,63.75,3
3,94,95,88,3,3,4,1,82,3114374,1667,10,2,1557187,1038124.667,519062.3333,89.75,3
3,97,89,96,3,2,5,1,59,1751313,6465,2,1,875656.5,583771,291885.5,85.25,2
1,70,98,90,3,3,1,1,96,1027902,2981,5,1,513951,342634,171317,88.5,2
1,56,80,74,3,2,1,1,60,2521699,946,10,1,1260849.5,840566.3333,420283.1667,67.5,3
3,87,90,74,3,2,3,1,81,3355759,3475,2,2,1677879.5,1118586.333,559293.1667,83,3
2,96,67,85,3,3,3,1,60,6821239,8284,13,3,3410619.5,2273746.333,1136873.167,77,3
3,78,87,61,3,2,3,1,58,4393838,1799,1,2,2196919,1464612.667,732306.3333,71,3
3,58,57,81,3,4,5,1,77,5869048,694,4,1,2934524,1956349.333,978174.6667,68.25,2
3,89,90,96,3,2,1,1,94,2039380,7672,7,2,1019690,679793.3333,339896.6667,92.25,3
1,62,68,80,3,2,2,1,62,3600883,4269,7,2,1800441.5,1200294.333,600147.1667,68,3
3,97,97,68,3,1,5,1,89,1583616,3808,3,1,791808,527872,263936,87.75,3
1,87,85,59,3,1,5,1,77,6383553,1749,12,3,3191776.5,2127851,1063925.5,77,3
1,80,55,53,3,4,1,1,60,6842155,7217,14,1,3421077.5,2280718.333,1140359.167,62,3
3,94,77,65,3,3,1,1,69,6959085,4375,4,1,3479542.5,2319695,1159847.5,76.25,2
1,67,60,100,3,2,1,1,60,2498062,417,15,3,1249031,832687.3333,416343.6667,71.75,2
3,55,57,98,3,1,1,1,58,1045100,5441,10,2,522550,348366.6667,174183.3333,67,2
2,95,85,70,3,2,4,1,56,2022462,3212,6,2,1011231,674154,337077,76.5,3
1,97,70,73,3,3,4,1,52,6189130,2806,3,1,3094565,2063043.333,1031521.667,73,3
2,88,82,71,3,1,4,1,81,5018367,1893,3,3,2509183.5,1672789,836394.5,80.5,3
1,62,79,56,3,2,4,1,70,2599662,5180,1,3,1299831,866554,433277,66.75,3
1,84,59,52,3,3,3,1,82,3794125,6622,11,2,1897062.5,1264708.333,632354.1667,69.25,2
1,58,88,93,3,3,5,1,81,2895581,8872,6,3,1447790.5,965193.6667,482596.8333,80,3
1,56,65,52,3,3,1,1,82,4671301,7535,12,2,2335650.5,1557100.333,778550.1667,63.75,3
3,93,71,65,3,3,3,1,66,1199142,3481,2,2,599571,399714,199857,73.75,3
1,94,77,74,3,1,2,1,81,4797570,7129,2,3,2398785,1599190,799595,81.5,3
3,54,88,56,3,1,2,1,96,5222866,1213,2,3,2611433,1740955.333,870477.6667,73.5,3
1,87,95,99,3,1,4,1,71,944805,1662,10,2,472402.5,314935,157467.5,88,3
3,63,59,97,3,3,4,1,86,4037819,4562,5,3,2018909.5,1345939.667,672969.8333,76.25,3
2,58,66,54,3,1,4,1,73,2985829,1731,12,2,1492914.5,995276.3333,497638.1667,62.75,3
1,76,66,74,3,1,1,1,84,4225153,5368,12,3,2112576.5,1408384.333,704192.1667,75,3
1,77,95,92,3,2,5,1,82,6066344,7218,6,2,3033172,2022114.667,1011057.333,86.5,3
1,94,66,59,3,2,4,1,85,5839272,586,13,3,2919636,1946424,973212,76,2
3,100,55,89,3,4,4,1,89,2648425,3335,9,3,1324212.5,882808.3333,441404.1667,83.25,2
1,58,92,85,3,3,3,1,68,6374163,2363,13,1,3187081.5,2124721,1062360.5,75.75,3
2,57,74,61,3,3,4,1,71,998138,7459,6,1,499069,332712.6667,166356.3333,65.75,3
3,91,94,72,3,1,5,1,73,1754580,4681,15,1,877290,584860,292430,82.5,2
1,55,51,52,3,2,1,1,63,3433303,426,1,1,1716651.5,1144434.333,572217.1667,55.25,2
3,54,70,53,3,2,2,1,76,381357,5232,5,1,190678.5,127119,63559.5,63.25,3
2,95,78,90,3,1,3,1,81,6392509,1080,5,2,3196254.5,2130836.333,1065418.167,86,3
1,100,91,55,3,3,4,1,68,5986249,1410,4,3,2993124.5,1995416.333,997708.1667,78.5,3
3,88,88,61,3,1,4,1,72,124579,2600,8,3,62289.5,41526.33333,20763.16667,77.25,3
2,79,78,92,3,1,4,1,82,5806599,1386,14,3,2903299.5,1935533,967766.5,82.75,3
1,66,52,86,3,3,4,1,72,4843164,1731,11,3,2421582,1614388,807194,69,2
2,88,71,70,3,4,5,1,62,1169905,6867,4,1,584952.5,389968.3333,194984.1667,72.75,3
1,74,76,63,3,2,2,1,60,911596,2555,14,3,455798,303865.3333,151932.6667,68.25,3
1,94,66,89,3,1,2,1,91,5628464,7390,12,1,2814232,1876154.667,938077.3333,85,2
1,88,99,75,3,3,1,1,90,1826740,6441,9,3,913370,608913.3333,304456.6667,88,3
3,71,61,77,3,4,5,1,60,5154181,3097,13,2,2577090.5,1718060.333,859030.1667,67.25,3
1,54,68,95,3,2,5,1,63,885935,6864,14,3,442967.5,295311.6667,147655.8333,70,3
1,59,86,77,3,3,1,1,97,6154309,3316,13,2,3077154.5,2051436.333,1025718.167,79.75,3
2,69,79,95,3,4,5,1,95,3084993,6649,9,3,1542496.5,1028331,514165.5,84.5,3
1,50,99,96,3,3,3,1,73,5900934,5827,4,2,2950467,1966978,983489,79.5,2
2,83,52,92,3,1,3,1,58,4902109,5162,2,2,2451054.5,1634036.333,817018.1667,71.25,2
1,82,67,63,3,3,5,1,97,2721499,6388,5,3,1360749.5,907166.3333,453583.1667,77.25,2
2,98,68,98,3,1,4,1,87,4810892,2414,10,1,2405446,1603630.667,801815.3333,87.75,3
3,75,91,79,3,4,3,1,63,3112237,3517,12,3,1556118.5,1037412.333,518706.1667,77,3
2,88,70,64,3,4,2,1,75,749948,6981,14,3,374974,249982.6667,124991.3333,74.25,3
2,92,89,64,3,2,5,1,91,150663,4274,13,2,75331.5,50221,25110.5,84,3
3,67,56,88,3,1,5,1,70,4610734,2895,10,1,2305367,1536911.333,768455.6667,70.25,2
2,73,84,80,3,4,3,1,82,5903771,4532,11,2,2951885.5,1967923.667,983961.8333,79.75,3
2,59,53,61,3,1,4,1,91,5334990,3468,7,2,2667495,1778330,889165,66,2
1,69,62,82,3,2,3,1,64,2763142,4199,8,3,1381571,921047.3333,460523.6667,69.25,2
3,51,69,92,3,1,2,1,90,6357267,6158,4,2,3178633.5,2119089,1059544.5,75.5,3
2,91,80,62,3,2,1,1,89,5049321,1451,4,3,2524660.5,1683107,841553.5,80.5,2
3,81,75,78,3,3,1,1,94,3071237,437,6,3,1535618.5,1023745.667,511872.8333,82,2
2,83,78,77,3,4,4,1,92,6694684,2056,13,1,3347342,2231561.333,1115780.667,82.5,3
1,66,77,51,3,3,3,1,53,3726723,640,2,3,1863361.5,1242241,621120.5,61.75,2
1,53,92,75,3,2,2,1,76,1008355,7236,2,3,504177.5,336118.3333,168059.1667,74,3
3,77,93,50,3,3,3,1,57,1113551,8364,15,2,556775.5,371183.6667,185591.8333,69.25,3
1,51,70,76,3,2,3,1,72,1880844,2621,8,2,940422,626948,313474,67.25,2
3,89,85,77,3,2,2,1,62,4064082,8870,11,1,2032041,1354694,677347,78.25,2
2,80,97,78,3,3,4,1,56,4050769,4623,6,1,2025384.5,1350256.333,675128.1667,77.75,3
3,74,69,57,3,2,2,1,63,186244,6496,4,2,93122,62081.33333,31040.66667,65.75,3
1,77,65,88,3,4,4,1,76,5136061,6473,9,2,2568030.5,1712020.333,856010.1667,76.5,3
3,88,72,55,3,1,4,1,54,6150129,2507,3,3,3075064.5,2050043,1025021.5,67.25,3
1,51,79,63,3,3,2,1,97,40463,3700,12,3,20231.5,13487.66667,6743.833333,72.5,3
1,90,98,58,3,4,1,1,83,6889340,8342,4,1,3444670,2296446.667,1148223.333,82.25,3
2,94,67,50,3,2,5,1,82,655361,3637,6,2,327680.5,218453.6667,109226.8333,73.25,3
3,71,61,99,3,3,5,1,96,1949900,4865,9,2,974950,649966.6667,324983.3333,81.75,2
2,67,58,98,3,1,2,1,98,4585138,3653,2,3,2292569,1528379.333,764189.6667,80.25,3
1,86,87,52,3,3,2,1,91,3951246,4589,15,1,1975623,1317082,658541,79,2
3,68,56,84,3,2,3,1,69,2342715,2659,3,3,1171357.5,780905,390452.5,69.25,3
3,64,93,88,3,3,5,1,76,868522,7697,7,2,434261,289507.3333,144753.6667,80.25,2
3,78,89,74,3,4,3,1,65,1634309,6622,14,2,817154.5,544769.6667,272384.8333,76.5,3
3,94,83,86,3,2,5,1,72,241242,6378,10,2,120621,80414,40207,83.75,2
2,63,93,61,3,4,5,1,94,4696105,3388,7,1,2348052.5,1565368.333,782684.1667,77.75,3
3,63,96,64,3,4,2,1,56,2847552,3056,13,2,1423776,949184,474592,69.75,3
3,66,96,77,3,2,2,1,53,3630812,1221,10,2,1815406,1210270.667,605135.3333,73,3
1,77,58,60,3,1,5,1,64,513075,6690,10,3,256537.5,171025,85512.5,64.75,2
3,74,85,74,3,1,5,1,88,3997498,3499,5,3,1998749,1332499.333,666249.6667,80.25,3
3,80,91,50,3,2,4,1,90,764297,2158,14,3,382148.5,254765.6667,127382.8333,77.75,3
1,82,74,75,3,3,1,1,81,2920510,2058,11,2,1460255,973503.3333,486751.6667,78,3
3,60,69,63,3,2,3,1,76,3349655,1280,5,2,1674827.5,1116551.667,558275.8333,67,2
3,66,90,53,3,3,5,1,53,5980298,5463,3,3,2990149,1993432.667,996716.3333,65.5,2
2,89,65,74,3,3,5,1,61,3121022,3547,3,1,1560511,1040340.667,520170.3333,72.25,3
2,54,93,65,3,1,1,1,56,6968411,7172,8,3,3484205.5,2322803.667,1161401.833,67,3
2,78,94,51,3,2,4,1,50,5263995,1290,5,3,2631997.5,1754665,877332.5,68.25,3
1,84,63,65,3,4,5,1,87,4908681,2715,5,1,2454340.5,1636227,818113.5,74.75,3
2,96,82,60,3,1,2,1,56,1533667,5524,2,1,766833.5,511222.3333,255611.1667,73.5,3
3,57,75,97,3,3,1,1,60,6861594,214,6,3,3430797,2287198,1143599,72.25,3
2,76,100,98,3,3,2,1,94,2844047,1999,13,1,1422023.5,948015.6667,474007.8333,92,3
3,59,50,63,3,2,4,1,65,2809447,3560,14,1,1404723.5,936482.3333,468241.1667,59.25,3
3,74,62,56,3,1,3,1,54,3103220,421,6,1,1551610,1034406.667,517203.3333,61.5,2
2,62,51,96,3,4,1,1,96,2999353,5203,9,1,1499676.5,999784.3333,499892.1667,76.25,3
2,79,74,99,3,4,2,1,72,624228,8549,5,1,312114,208076,104038,81,2
1,59,99,77,3,2,2,1,95,6808388,8724,1,3,3404194,2269462.667,1134731.333,82.5,3
1,97,50,62,3,4,4,1,63,1580223,1125,5,1,790111.5,526741,263370.5,68,2
2,96,53,82,3,3,3,1,59,4011148,2364,7,2,2005574,1337049.333,668524.6667,72.5,3
3,71,76,88,3,3,3,1,90,3215020,6812,13,3,1607510,1071673.333,535836.6667,81.25,3
3,64,83,86,3,2,2,1,79,4170144,7430,13,3,2085072,1390048,695024,78,3
3,97,56,58,3,1,3,1,91,4142928,4911,14,1,2071464,1380976,690488,75.5,3
3,89,72,90,3,1,4,1,83,4982565,7976,6,1,2491282.5,1660855,830427.5,83.5,3
2,91,74,55,3,2,2,1,72,2493297,3859,4,2,1246648.5,831099,415549.5,73,3
1,82,50,100,3,1,2,1,56,3711465,5985,5,2,1855732.5,1237155,618577.5,72,3
1,56,50,65,3,2,1,1,71,1320169,8382,2,2,660084.5,440056.3333,220028.1667,60.5,3
1,58,73,87,3,4,1,1,85,1687852,2905,11,2,843926,562617.3333,281308.6667,75.75,3
2,67,50,68,3,4,4,1,99,367888,4921,13,1,183944,122629.3333,61314.66667,71,3
3,95,100,86,3,1,3,1,63,4596521,1874,7,3,2298260.5,1532173.667,766086.8333,86,3
1,50,99,73,3,1,1,1,98,312041,2239,4,1,156020.5,104013.6667,52006.83333,80,3
2,63,75,51,3,1,2,1,80,665777,5367,1,3,332888.5,221925.6667,110962.8333,67.25,3
2,79,69,67,3,1,4,1,83,4348109,8026,2,2,2174054.5,1449369.667,724684.8333,74.5,3
2,94,79,52,3,4,2,1,90,5487140,599,3,1,2743570,1829046.667,914523.3333,78.75,3
3,63,95,98,3,4,3,1,69,5157942,2566,4,1,2578971,1719314,859657,81.25,3
1,76,94,61,3,2,3,1,63,2043528,6548,4,2,1021764,681176,340588,73.5,3
1,64,73,57,3,4,2,1,75,5812412,8408,5,2,2906206,1937470.667,968735.3333,67.25,3
3,56,94,72,3,4,5,1,76,6835573,6980,3,2,3417786.5,2278524.333,1139262.167,74.5,3
3,50,69,63,3,4,4,1,61,3279307,5288,15,2,1639653.5,1093102.333,546551.1667,60.75,2
3,89,65,76,3,4,3,1,80,125491,5700,10,3,62745.5,41830.33333,20915.16667,77.5,2
2,64,94,94,3,3,4,1,51,4941190,4610,11,2,2470595,1647063.333,823531.6667,75.75,3
1,84,77,63,3,1,2,1,68,5415278,2902,12,3,2707639,1805092.667,902546.3333,73,3
1,90,69,74,3,3,2,1,80,2245747,4134,9,3,1122873.5,748582.3333,374291.1667,78.25,3
3,67,100,92,3,3,3,1,80,5768945,1683,4,1,2884472.5,1922981.667,961490.8333,84.75,2
1,88,90,60,3,3,3,1,77,1266710,4723,9,2,633355,422236.6667,211118.3333,78.75,2
2,97,75,70,3,1,2,1,75,3971048,5269,15,3,1985524,1323682.667,661841.3333,79.25,2
3,58,98,85,3,2,4,1,91,406464,782,12,1,203232,135488,67744,83,3
1,94,70,94,3,2,2,1,90,2669551,3738,7,2,1334775.5,889850.3333,444925.1667,87,3
1,86,92,91,3,2,5,1,90,5806468,6167,13,3,2903234,1935489.333,967744.6667,89.75,3
2,55,60,51,3,3,1,1,88,6219,8670,12,1,3109.5,2073,1036.5,63.5,3
1,63,95,78,3,4,1,1,84,6219652,5398,1,2,3109826,2073217.333,1036608.667,80,3
1,94,57,81,3,2,2,1,62,450287,8403,1,3,225143.5,150095.6667,75047.83333,73.5,3
3,59,65,63,3,3,4,1,99,5315981,4084,11,3,2657990.5,1771993.667,885996.8333,71.5,2
2,89,78,73,3,3,1,1,95,6252626,3940,15,1,3126313,2084208.667,1042104.333,83.75,3
1,77,80,98,3,2,5,1,76,5297318,6304,9,3,2648659,1765772.667,882886.3333,82.75,3
1,89,59,53,3,2,4,1,86,1283450,7805,10,2,641725,427816.6667,213908.3333,71.75,3
3,96,85,63,3,2,3,1,67,1498662,5386,12,1,749331,499554,249777,77.75,2
3,71,78,77,3,3,5,1,62,6016639,1530,12,2,3008319.5,2005546.333,1002773.167,72,3
2,84,81,55,3,1,2,1,53,2112945,2984,4,3,1056472.5,704315,352157.5,68.25,3
1,50,95,100,3,3,1,1,70,765254,8996,5,2,382627,255084.6667,127542.3333,78.75,3
3,97,83,87,3,4,4,1,87,5918885,4191,6,1,2959442.5,1972961.667,986480.8333,88.5,3
3,81,57,90,3,1,1,1,98,2904266,3843,4,3,1452133,968088.6667,484044.3333,81.5,2
1,95,62,62,3,1,5,1,100,3707915,1628,9,2,1853957.5,1235971.667,617985.8333,79.75,2
2,94,72,77,3,1,5,1,60,5270950,1481,9,2,2635475,1756983.333,878491.6667,75.75,3
2,58,65,68,3,4,5,1,97,4964918,8185,3,1,2482459,1654972.667,827486.3333,72,3
2,60,68,67,3,2,5,1,64,3817984,5041,10,2,1908992,1272661.333,636330.6667,64.75,3
3,58,54,89,3,2,1,1,66,95218,2504,9,2,47609,31739.33333,15869.66667,66.75,2
3,88,94,82,3,1,3,1,78,1516181,8114,14,1,758090.5,505393.6667,252696.8333,85.5,3
3,74,68,67,3,4,5,1,84,292259,7001,11,1,146129.5,97419.66667,48709.83333,73.25,3
1,51,56,99,3,4,1,1,54,4091612,4867,13,2,2045806,1363870.667,681935.3333,65,2
2,79,59,61,3,4,5,1,71,2936337,8973,4,1,1468168.5,978779,489389.5,67.5,3
2,60,73,99,3,1,5,1,56,2549926,5223,5,3,1274963,849975.3333,424987.6667,72,3
1,82,60,56,3,3,1,1,72,4677023,5387,10,3,2338511.5,1559007.667,779503.8333,67.5,3
2,51,94,78,3,2,4,1,50,5067418,7374,13,2,2533709,1689139.333,844569.6667,68.25,3
2,68,82,80,3,1,2,1,56,6392641,8143,5,2,3196320.5,2130880.333,1065440.167,71.5,2
3,52,100,53,3,3,1,1,75,4105817,5134,11,1,2052908.5,1368605.667,684302.8333,70,3
3,58,83,79,3,1,3,1,74,351643,8618,14,3,175821.5,117214.3333,58607.16667,73.5,3
3,52,65,56,3,4,4,1,79,4443657,2952,12,3,2221828.5,1481219,740609.5,63,3
2,51,91,98,3,2,5,1,87,6491744,7166,5,2,3245872,2163914.667,1081957.333,81.75,3
3,65,92,97,3,4,2,1,100,3708459,3864,9,1,1854229.5,1236153,618076.5,88.5,3
3,70,64,81,3,3,3,1,66,6724891,7005,4,1,3362445.5,2241630.333,1120815.167,70.25,3
1,85,54,76,3,4,4,1,88,3653379,4761,8,2,1826689.5,1217793,608896.5,75.75,2
2,51,87,77,3,4,2,1,63,2720888,6119,8,2,1360444,906962.6667,453481.3333,69.5,3
1,53,52,50,3,4,5,1,56,1381873,2502,11,1,690936.5,460624.3333,230312.1667,52.75,3
3,90,97,91,3,3,1,1,72,6140310,435,3,2,3070155,2046770,1023385,87.5,3
1,59,91,51,3,4,3,1,71,646297,6738,6,1,323148.5,215432.3333,107716.1667,68,3
1,54,54,74,3,2,3,1,64,4623873,7928,1,2,2311936.5,1541291,770645.5,61.5,3
1,74,93,77,3,1,2,1,51,6046903,6619,13,1,3023451.5,2015634.333,1007817.167,73.75,2
2,82,96,97,3,3,5,1,77,6095962,2665,7,2,3047981,2031987.333,1015993.667,88,3
1,90,56,55,3,3,2,1,78,4530230,4068,10,3,2265115,1510076.667,755038.3333,69.75,3
2,80,82,63,3,4,2,1,73,1398067,2994,5,2,699033.5,466022.3333,233011.1667,74.5,3
1,71,79,95,3,3,4,1,56,1019557,138,13,1,509778.5,339852.3333,169926.1667,75.25,3
2,96,75,88,3,4,4,1,82,5725530,5413,8,2,2862765,1908510,954255,85.25,3
1,96,77,90,3,2,3,1,64,3271684,1589,13,1,1635842,1090561.333,545280.6667,81.75,2
1,72,97,59,3,3,5,1,95,348341,2648,1,3,174170.5,116113.6667,58056.83333,80.75,3
2,65,85,81,3,2,3,1,69,5908124,319,12,3,2954062,1969374.667,984687.3333,75,2
1,59,94,67,3,3,3,1,52,5990004,4798,4,2,2995002,1996668,998334,68,2
3,94,61,58,3,1,4,1,96,6187740,6804,5,3,3093870,2062580,1031290,77.25,3
1,93,85,82,3,4,5,1,66,1276578,6056,9,2,638289,425526,212763,81.5,3
2,71,69,86,3,3,1,1,65,681099,2618,12,2,340549.5,227033,113516.5,72.75,3
1,80,66,94,3,3,5,1,72,2577704,3145,14,1,1288852,859234.6667,429617.3333,78,2
2,50,59,74,3,1,1,1,84,822133,248,13,1,411066.5,274044.3333,137022.1667,66.75,3
1,85,88,93,3,3,4,1,93,4777287,8608,10,2,2388643.5,1592429,796214.5,89.75,3
3,63,64,72,3,3,4,1,98,380655,1944,5,1,190327.5,126885,63442.5,74.25,2
1,61,91,92,3,2,2,1,61,1177748,8195,3,2,588874,392582.6667,196291.3333,76.25,3
1,52,81,68,3,2,5,1,59,2904264,6228,5,2,1452132,968088,484044,65,2
3,85,92,100,3,4,4,1,71,1448828,685,14,3,724414,482942.6667,241471.3333,87,3
2,92,86,54,3,1,3,1,85,1793424,4792,6,1,896712,597808,298904,79.25,2
2,79,81,100,3,1,1,1,96,705334,5577,10,3,352667,235111.3333,117555.6667,89,3
1,99,88,58,3,3,2,1,85,5203452,3012,5,1,2601726,1734484,867242,82.5,2
2,56,72,73,3,3,4,1,76,2841824,4224,14,3,1420912,947274.6667,473637.3333,69.25,2
2,85,67,68,3,1,5,1,72,4015232,7114,3,2,2007616,1338410.667,669205.3333,73,3
3,61,50,85,3,4,5,1,95,6147151,3070,12,3,3073575.5,2049050.333,1024525.167,72.75,3
3,55,96,68,3,2,1,1,73,1085119,4607,8,1,542559.5,361706.3333,180853.1667,73,3
3,83,63,62,3,1,4,1,50,1145959,675,1,2,572979.5,381986.3333,190993.1667,64.5,3
3,99,93,71,3,3,3,1,86,1281765,8846,11,3,640882.5,427255,213627.5,87.25,3
2,86,59,80,3,1,2,1,98,5819035,8867,11,2,2909517.5,1939678.333,969839.1667,80.75,3
1,54,52,66,3,4,5,1,61,719481,7924,11,1,359740.5,239827,119913.5,58.25,3
1,79,94,70,3,2,1,1,81,5886219,4527,3,1,2943109.5,1962073,981036.5,81,3
2,61,85,98,3,2,1,1,55,632624,8023,10,1,316312,210874.6667,105437.3333,74.75,3
1,99,72,86,3,4,4,1,73,3609030,5576,4,3,1804515,1203010,601505,82.5,3
3,54,69,65,3,1,5,1,72,2063883,6114,2,2,1031941.5,687961,343980.5,65,3
3,62,82,77,3,1,5,1,60,913478,8394,14,1,456739,304492.6667,152246.3333,70.25,3
3,70,74,77,3,4,3,1,70,432274,1068,13,1,216137,144091.3333,72045.66667,72.75,3
1,79,79,79,3,3,3,1,84,4470729,1628,15,2,2235364.5,1490243,745121.5,80.25,3
3,61,66,100,3,1,1,1,100,3213535,917,9,2,1606767.5,1071178.333,535589.1667,81.75,2
2,91,82,72,3,3,5,1,98,3793182,250,7,1,1896591,1264394,632197,85.75,3
3,98,58,67,3,1,3,1,61,2752464,5442,15,2,1376232,917488,458744,71,2
2,77,61,83,3,3,4,1,74,4846450,3749,2,2,2423225,1615483.333,807741.6667,73.75,3
1,95,95,93,3,2,2,1,72,3883618,5387,1,1,1941809,1294539.333,647269.6667,88.75,3
3,52,99,74,3,1,1,1,51,809958,894,14,3,404979,269986,134993,69,3
1,83,79,97,3,4,4,1,73,5790200,3665,8,2,2895100,1930066.667,965033.3333,83,2
3,60,51,93,3,1,5,1,61,3201474,181,1,2,1600737,1067158,533579,66.25,2
1,51,64,92,3,2,5,1,59,5635989,5654,9,2,2817994.5,1878663,939331.5,66.5,3
1,88,55,68,3,2,2,1,100,1560971,5290,13,2,780485.5,520323.6667,260161.8333,77.75,2
3,57,83,90,3,4,3,1,100,4070894,5710,5,2,2035447,1356964.667,678482.3333,82.5,3
2,61,63,95,3,4,3,1,71,4660567,4150,5,3,2330283.5,1553522.333,776761.1667,72.5,3
2,82,65,73,3,1,3,1,76,4566337,7586,1,3,2283168.5,1522112.333,761056.1667,74,3
2,68,64,84,3,1,2,1,94,1850821,5844,4,2,925410.5,616940.3333,308470.1667,77.5,3
1,88,79,84,3,2,5,1,75,5313762,4001,6,1,2656881,1771254,885627,81.5,3
3,56,100,56,3,1,2,1,54,4045632,2606,5,2,2022816,1348544,674272,66.5,2
2,84,65,75,3,1,1,1,89,2558242,4874,3,2,1279121,852747.3333,426373.6667,78.25,3
2,89,72,87,3,1,3,1,76,6126230,4220,1,3,3063115,2042076.667,1021038.333,81,3
2,85,50,81,3,1,4,1,54,4437209,8614,12,3,2218604.5,1479069.667,739534.8333,67.5,2
2,99,52,55,3,4,1,1,74,3027711,1511,13,2,1513855.5,1009237,504618.5,70,3
3,78,86,88,3,2,3,1,83,3074629,6715,10,1,1537314.5,1024876.333,512438.1667,83.75,2
1,79,75,54,3,2,5,1,61,907740,4954,14,1,453870,302580,151290,67.25,2
1,59,81,58,3,3,5,1,75,5189556,2573,14,1,2594778,1729852,864926,68.25,2
3,59,88,74,3,2,5,1,88,238544,7415,13,3,119272,79514.66667,39757.33333,77.25,3
1,90,92,58,3,3,2,1,75,5340999,5466,8,2,2670499.5,1780333,890166.5,78.75,3
3,59,83,52,3,3,3,1,94,4125231,4649,8,1,2062615.5,1375077,687538.5,72,3
3,51,73,85,3,2,1,1,74,6941587,5774,4,2,3470793.5,2313862.333,1156931.167,70.75,2
2,76,50,94,3,2,4,1,65,876489,8601,4,1,438244.5,292163,146081.5,71.25,3
2,81,82,87,3,3,3,1,94,655452,5149,15,3,327726,218484,109242,86,3
2,67,74,68,3,1,3,1,77,331037,922,10,3,165518.5,110345.6667,55172.83333,71.5,2
1,73,99,94,3,3,2,1,98,5063894,1062,10,3,2531947,1687964.667,843982.3333,91,3
2,52,50,90,3,1,4,1,51,5761021,1213,3,2,2880510.5,1920340.333,960170.1667,60.75,3
3,65,89,81,3,4,2,1,100,2392524,5339,7,1,1196262,797508,398754,83.75,3
1,56,93,56,3,4,2,1,66,1479517,8202,10,1,739758.5,493172.3333,246586.1667,67.75,3
3,94,71,77,3,2,3,1,100,6253275,1524,4,1,3126637.5,2084425,1042212.5,85.5,3
3,87,62,69,3,1,4,1,71,5683711,6251,15,2,2841855.5,1894570.333,947285.1667,72.25,3
1,50,66,55,3,2,4,1,83,6648387,4396,5,1,3324193.5,2216129,1108064.5,63.5,2
2,69,53,98,3,2,3,1,69,4285336,5280,12,3,2142668,1428445.333,714222.6667,72.25,3
2,96,58,68,3,2,5,1,94,5926702,924,13,3,2963351,1975567.333,987783.6667,79,2
3,72,72,85,3,3,4,1,71,3441447,1263,9,3,1720723.5,1147149,573574.5,75,3
2,70,97,70,3,4,3,1,60,1223435,2604,2,1,611717.5,407811.6667,203905.8333,74.25,2
1,88,75,92,3,2,4,1,50,3718948,7998,12,2,1859474,1239649.333,619824.6667,76.25,3
1,84,76,89,3,1,1,1,51,5814084,219,12,3,2907042,1938028,969014,75,2
1,82,58,95,3,3,3,1,67,739200,2348,14,3,369600,246400,123200,75.5,3
3,93,99,80,3,2,3,1,53,2779937,598,9,1,1389968.5,926645.6667,463322.8333,81.25,2
2,54,89,62,3,1,5,1,84,2991518,8460,15,3,1495759,997172.6667,498586.3333,72.25,2
2,86,66,87,3,2,3,1,95,6501693,5300,5,2,3250846.5,2167231,1083615.5,83.5,2
3,75,85,97,3,3,3,1,97,1051016,285,2,2,525508,350338.6667,175169.3333,88.5,3
2,83,71,82,3,2,2,1,70,6359266,4373,5,1,3179633,2119755.333,1059877.667,76.5,3
2,54,55,92,3,1,5,1,78,5210895,8064,1,3,2605447.5,1736965,868482.5,69.75,3
3,78,58,95,3,1,1,1,57,1074925,620,3,1,537462.5,358308.3333,179154.1667,72,2
3,89,63,74,3,3,5,1,74,6739851,1033,2,3,3369925.5,2246617,1123308.5,75,3
2,95,85,69,3,3,5,1,85,4590403,6952,5,3,2295201.5,1530134.333,765067.1667,83.5,3
3,89,62,75,3,2,3,1,95,4706159,148,9,2,2353079.5,1568719.667,784359.8333,80.25,3
3,72,62,52,3,1,1,1,54,5589823,7395,2,1,2794911.5,1863274.333,931637.1667,60,3
1,78,86,77,3,2,3,1,89,4538112,6911,8,3,2269056,1512704,756352,82.5,3
1,54,81,63,3,1,1,1,81,4671820,7995,14,3,2335910,1557273.333,778636.6667,69.75,2
2,75,60,88,3,4,5,1,85,920965,8278,15,1,460482.5,306988.3333,153494.1667,77,2
1,57,100,54,3,4,5,1,94,3902138,6919,2,2,1951069,1300712.667,650356.3333,76.25,3
2,67,72,69,3,3,1,1,82,210768,6761,4,1,105384,70256,35128,72.5,3
1,77,52,54,3,1,4,1,80,5105332,5984,9,2,2552666,1701777.333,850888.6667,65.75,3
2,69,75,83,3,3,1,1,68,5564520,3750,7,3,2782260,1854840,927420,73.75,3
2,75,98,68,3,4,2,1,96,3218088,4322,6,2,1609044,1072696,536348,84.25,2
3,71,64,61,3,2,3,1,63,5200059,7703,8,3,2600029.5,1733353,866676.5,64.75,3
1,75,70,88,3,4,5,1,78,2012412,2751,10,1,1006206,670804,335402,77.75,3
3,66,71,90,3,3,1,1,100,4446510,1651,8,1,2223255,1482170,741085,81.75,2
1,80,71,70,3,3,5,1,71,3696210,294,15,3,1848105,1232070,616035,73,3
2,70,94,61,3,1,2,1,76,3892857,2071,5,2,1946428.5,1297619,648809.5,75.25,3
1,52,71,71,3,3,1,1,81,316346,8214,6,1,158173,105448.6667,52724.33333,68.75,2
3,51,76,89,3,2,5,1,58,4559471,3918,9,2,2279735.5,1519823.667,759911.8333,68.5,2
3,86,54,98,3,2,5,1,82,3280257,8134,12,1,1640128.5,1093419,546709.5,80,3
2,84,81,63,3,1,5,1,62,2440349,2458,9,1,1220174.5,813449.6667,406724.8333,72.5,2
3,91,90,59,3,4,4,1,93,1239844,7565,1,3,619922,413281.3333,206640.6667,83.25,2
3,79,79,84,3,3,1,1,70,2159271,4591,3,1,1079635.5,719757,359878.5,78,2
2,53,65,90,3,2,5,1,91,6456563,6669,6,2,3228281.5,2152187.667,1076093.833,74.75,3
1,69,63,56,3,4,3,1,50,1670001,3127,10,3,835000.5,556667,278333.5,59.5,2
2,99,68,89,3,1,4,1,60,1746160,4976,7,1,873080,582053.3333,291026.6667,79,3
2,75,51,100,3,1,3,1,91,3457907,8833,15,1,1728953.5,1152635.667,576317.8333,79.25,3
1,89,70,97,3,3,2,1,54,6640431,5311,9,2,3320215.5,2213477,1106738.5,77.5,3
2,70,79,79,3,4,1,1,100,3832171,8505,4,3,1916085.5,1277390.333,638695.1667,82,2
2,86,69,80,3,4,4,1,66,6165474,3951,14,2,3082737,2055158,1027579,75.25,3
2,57,82,57,3,2,4,1,100,2216764,2206,7,1,1108382,738921.3333,369460.6667,74,2
3,63,93,73,3,1,3,1,67,4836497,7957,5,2,2418248.5,1612165.667,806082.8333,74,3
1,67,89,64,3,3,3,1,87,1890043,2200,11,1,945021.5,630014.3333,315007.1667,76.75,3
2,89,52,50,3,2,2,1,82,6285753,8912,9,1,3142876.5,2095251,1047625.5,68.25,3
3,56,99,55,3,2,2,1,95,1986467,7281,2,2,993233.5,662155.6667,331077.8333,76.25,3
2,65,70,53,3,4,1,1,62,3611800,2951,1,2,1805900,1203933.333,601966.6667,62.5,3
1,72,51,75,3,1,5,1,80,3358006,7481,10,3,1679003,1119335.333,559667.6667,69.5,3
1,72,65,94,3,2,4,1,98,1078007,7188,10,1,539003.5,359335.6667,179667.8333,82.25,3
1,90,77,76,3,4,2,1,98,455034,4773,14,2,227517,151678,75839,85.25,2
3,60,58,59,3,2,2,1,70,2265978,8732,10,3,1132989,755326,377663,61.75,3
2,55,98,73,3,3,5,1,85,6732142,8375,6,1,3366071,2244047.333,1122023.667,77.75,3
3,56,100,98,3,1,1,1,62,4184542,6373,1,3,2092271,1394847.333,697423.6667,79,2
1,96,52,57,3,1,1,1,86,5596641,1303,9,1,2798320.5,1865547,932773.5,72.75,3
3,66,54,62,3,3,5,1,72,3829976,7422,14,3,1914988,1276658.667,638329.3333,63.5,3
1,81,96,58,3,4,1,1,76,627296,1565,2,1,313648,209098.6667,104549.3333,77.75,2
1,83,59,78,3,2,5,1,54,3248805,7276,12,3,1624402.5,1082935,541467.5,68.5,3
2,87,57,53,3,1,1,1,75,4363047,4621,15,3,2181523.5,1454349,727174.5,68,2
2,91,89,88,3,1,5,1,68,5227573,6490,11,2,2613786.5,1742524.333,871262.1667,84,3
1,77,78,86,3,3,3,1,83,3075611,5949,7,2,1537805.5,1025203.667,512601.8333,81,3
1,62,86,95,3,3,5,1,78,2512564,2246,10,1,1256282,837521.3333,418760.6667,80.25,3
2,80,94,64,3,3,4,1,59,5189466,437,7,2,2594733,1729822,864911,74.25,2
2,64,65,70,3,4,3,1,78,5015741,2882,7,1,2507870.5,1671913.667,835956.8333,69.25,3
1,52,83,90,3,1,2,1,71,4258506,5925,6,3,2129253,1419502,709751,74,2
3,64,86,82,3,1,3,1,71,4981832,8422,3,3,2490916,1660610.667,830305.3333,75.75,3
2,97,80,72,3,1,1,1,92,6019941,2902,1,2,3009970.5,2006647,1003323.5,85.25,3
1,74,99,82,3,2,3,1,55,6443281,3084,1,2,3221640.5,2147760.333,1073880.167,77.5,1
2,63,78,79,3,2,4,1,51,2567521,7778,14,3,1283760.5,855840.3333,427920.1667,67.75,1
3,93,94,53,3,1,3,1,91,5375186,2823,15,1,2687593,1791728.667,895864.3333,82.75,1
2,64,50,65,3,4,4,1,69,890010,412,9,1,445005,296670,148335,62,1
2,61,95,57,3,3,5,1,50,2993821,7295,1,2,1496910.5,997940.3333,498970.1667,65.75,1
2,96,51,73,3,1,2,1,61,6061838,3066,6,2,3030919,2020612.667,1010306.333,70.25,1
3,93,65,94,3,3,4,1,98,4308635,8450,6,3,2154317.5,1436211.667,718105.8333,87.5,1
2,88,65,92,3,1,2,1,74,3892593,4004,15,2,1946296.5,1297531,648765.5,79.75,1
3,99,74,58,3,3,3,1,79,6567940,5024,8,1,3283970,2189313.333,1094656.667,77.5,1
3,53,94,79,3,2,1,1,96,5556718,3399,3,2,2778359,1852239.333,926119.6667,80.5,1
3,83,51,96,3,4,3,1,62,5726331,6434,1,3,2863165.5,1908777,954388.5,73,3
2,53,70,96,3,2,1,1,57,830564,2799,15,2,415282,276854.6667,138427.3333,69,1
1,91,64,59,3,2,2,1,91,4382455,8692,10,1,2191227.5,1460818.333,730409.1667,76.25,3
1,66,73,76,3,1,3,1,64,205031,6127,3,1,102515.5,68343.66667,34171.83333,69.75,1
2,72,82,62,3,4,5,1,70,3442732,3357,5,2,1721366,1147577.333,573788.6667,71.5,1
3,91,78,77,3,3,3,1,79,2533075,1032,13,2,1266537.5,844358.3333,422179.1667,81.25,3
3,88,63,57,3,4,3,1,89,4361519,6656,6,2,2180759.5,1453839.667,726919.8333,74.25,1
1,61,69,64,3,1,1,1,52,6007075,7085,7,1,3003537.5,2002358.333,1001179.167,61.5,1
3,72,69,95,3,1,3,1,67,5545594,591,12,3,2772797,1848531.333,924265.6667,75.75,1
3,89,89,63,3,3,3,1,52,2096117,511,2,2,1048058.5,698705.6667,349352.8333,73.25,3
1,65,55,67,3,4,5,1,64,4781851,1839,15,3,2390925.5,1593950.333,796975.1667,62.75,1
2,88,56,71,3,1,5,1,96,1908228,6339,14,2,954114,636076,318038,77.75,3
2,84,69,51,3,4,5,1,67,4632985,2093,2,1,2316492.5,1544328.333,772164.1667,67.75,1
1,93,79,93,3,4,4,1,89,1786946,4894,2,2,893473,595648.6667,297824.3333,88.5,3
1,67,63,56,3,2,1,1,73,2775473,7734,13,3,1387736.5,925157.6667,462578.8333,64.75,1
3,54,72,56,3,3,2,1,94,1827222,128,6,2,913611,609074,304537,69,3
1,72,75,64,3,3,2,1,77,4965751,2916,15,2,2482875.5,1655250.333,827625.1667,72,3
2,53,80,65,3,1,5,1,75,2377371,4604,10,1,1188685.5,792457,396228.5,68.25,1
1,86,84,67,3,2,3,1,95,2933912,4276,10,1,1466956,977970.6667,488985.3333,83,3
1,78,100,86,3,2,4,1,55,646499,2008,1,2,323249.5,215499.6667,107749.8333,79.75,1
2,82,83,91,3,1,2,1,72,5615960,6279,5,1,2807980,1871986.667,935993.3333,82,1
3,77,62,89,3,4,4,1,58,839142,7603,15,1,419571,279714,139857,71.5,1
3,69,83,89,3,1,4,1,95,3098500,5952,1,2,1549250,1032833.333,516416.6667,84,1
3,82,86,59,3,4,2,1,99,2063705,7726,12,3,1031852.5,687901.6667,343950.8333,81.5,1
3,99,82,55,3,4,3,1,98,1392861,5735,13,3,696430.5,464287,232143.5,83.5,1
3,53,69,55,3,4,4,1,54,6855817,5663,15,3,3427908.5,2285272.333,1142636.167,57.75,3
2,68,59,53,3,4,3,1,68,909278,6365,5,2,454639,303092.6667,151546.3333,62,1
1,63,57,62,3,4,1,1,84,2112069,6531,5,1,1056034.5,704023,352011.5,66.5,1
2,52,59,96,3,2,5,1,90,426703,8888,2,3,213351.5,142234.3333,71117.16667,74.25,3
2,60,78,57,3,4,1,1,100,6332821,5650,2,2,3166410.5,2110940.333,1055470.167,73.75,1
1,100,54,99,3,1,2,1,94,1404483,5803,14,2,702241.5,468161,234080.5,86.75,1
2,59,90,75,3,3,3,1,50,5713923,4748,15,2,2856961.5,1904641,952320.5,68.5,1
3,90,72,54,3,1,2,1,54,3963286,6775,4,3,1981643,1321095.333,660547.6667,67.5,1
2,52,78,54,3,3,2,1,78,2717539,2422,11,3,1358769.5,905846.3333,452923.1667,65.5,1
2,69,100,64,3,1,5,1,71,3318251,5649,11,2,1659125.5,1106083.667,553041.8333,76,3
2,95,62,81,3,4,5,1,60,3478431,5894,6,3,1739215.5,1159477,579738.5,74.5,3
3,64,54,80,3,3,3,1,83,5353360,1063,11,2,2676680,1784453.333,892226.6667,70.25,1
3,64,84,51,3,4,1,1,100,2499323,4626,1,2,1249661.5,833107.6667,416553.8333,74.75,1
3,60,92,50,3,4,4,1,52,1445703,2223,3,3,722851.5,481901,240950.5,63.5,1
1,87,55,75,3,2,1,1,78,4398268,254,14,3,2199134,1466089.333,733044.6667,73.75,1
1,54,82,88,3,3,1,1,55,2005578,8419,10,2,1002789,668526,334263,69.75,1
3,93,76,92,3,4,2,1,80,1852612,409,13,1,926306,617537.3333,308768.6667,85.25,1
2,56,98,92,3,1,3,1,96,1827234,8579,3,1,913617,609078,304539,85.5,1
2,58,81,94,3,2,4,1,79,3394849,8699,14,3,1697424.5,1131616.333,565808.1667,78,1
1,73,65,77,3,4,4,1,74,3259241,6191,3,1,1629620.5,1086413.667,543206.8333,72.25,3
2,91,83,63,3,1,1,1,52,3387562,7050,6,3,1693781,1129187.333,564593.6667,72.25,1
1,88,94,82,3,2,2,1,100,1513420,2275,2,1,756710,504473.3333,252236.6667,91,1
3,60,75,53,3,2,4,1,79,1286081,4295,14,3,643040.5,428693.6667,214346.8333,66.75,1
2,80,67,71,3,1,4,1,76,3327375,2029,14,3,1663687.5,1109125,554562.5,73.5,1
3,73,93,72,3,4,2,1,69,4524259,2579,8,2,2262129.5,1508086.333,754043.1667,76.75,1
2,95,88,95,3,4,4,1,87,5504123,4060,5,3,2752061.5,1834707.667,917353.8333,91.25,1
1,63,87,90,3,1,5,1,83,6854003,3288,14,1,3427001.5,2284667.667,1142333.833,80.75,1
3,93,55,94,3,4,1,1,82,4378978,8893,8,2,2189489,1459659.333,729829.6667,81,1
3,53,76,69,3,1,3,1,77,4769020,1395,8,1,2384510,1589673.333,794836.6667,68.75,1
1,66,69,98,3,2,3,1,83,170432,1915,5,1,85216,56810.66667,28405.33333,79,1
2,92,77,82,3,2,3,1,55,3910595,7117,1,1,1955297.5,1303531.667,651765.8333,76.5,1
1,58,97,75,3,1,3,1,82,876678,4685,4,2,438339,292226,146113,78,1
2,56,51,67,3,2,1,1,55,1732674,2054,1,1,866337,577558,288779,57.25,1
3,56,68,74,3,2,5,1,100,6452419,2302,10,1,3226209.5,2150806.333,1075403.167,74.5,1
2,86,82,60,3,1,1,1,57,4609051,835,15,1,2304525.5,1536350.333,768175.1667,71.25,1
2,68,100,95,3,2,3,1,57,6134710,4903,3,3,3067355,2044903.333,1022451.667,80,3
3,90,86,57,3,4,1,1,79,5605244,6123,9,1,2802622,1868414.667,934207.3333,78,3
3,68,55,90,3,3,2,1,87,5205680,3549,14,2,2602840,1735226.667,867613.3333,75,1
2,72,64,52,3,2,5,1,73,4992681,6425,9,1,2496340.5,1664227,832113.5,65.25,1
3,52,94,50,3,1,5,1,100,121567,642,8,2,60783.5,40522.33333,20261.16667,74,1
1,96,78,91,3,2,5,1,56,2345124,1887,14,3,1172562,781708,390854,80.25,1
1,52,60,65,3,1,1,1,51,4508159,3124,14,2,2254079.5,1502719.667,751359.8333,57,1
3,66,80,87,3,3,4,1,100,3510874,6064,12,1,1755437,1170291.333,585145.6667,83.25,1
1,79,81,90,3,4,1,1,54,4186125,3253,5,1,2093062.5,1395375,697687.5,76,1
2,71,80,50,3,4,2,1,54,3495332,7125,5,2,1747666,1165110.667,582555.3333,63.75,1
3,81,80,90,3,4,2,1,62,1492557,3020,4,1,746278.5,497519,248759.5,78.25,1
2,82,59,96,3,4,5,1,97,3219591,1911,8,1,1609795.5,1073197,536598.5,83.5,3
3,86,77,73,3,4,5,1,94,6251119,5977,4,2,3125559.5,2083706.333,1041853.167,82.5,1
1,79,90,89,3,3,5,1,85,6532384,4329,8,1,3266192,2177461.333,1088730.667,85.75,1
2,68,93,51,3,2,2,1,64,1433717,4818,4,2,716858.5,477905.6667,238952.8333,69,1
2,95,66,99,3,1,3,1,92,2611076,3461,3,3,1305538,870358.6667,435179.3333,88,1
3,72,94,95,3,1,4,1,93,3050811,2988,12,3,1525405.5,1016937,508468.5,88.5,3
1,68,51,65,3,4,3,1,84,3338575,8044,3,2,1669287.5,1112858.333,556429.1667,67,1
3,67,94,83,3,1,1,1,71,1687208,8055,1,1,843604,562402.6667,281201.3333,78.75,1
2,97,67,81,3,1,4,1,87,2465328,6089,10,2,1232664,821776,410888,83,1
1,57,73,77,3,3,3,1,94,966414,4984,11,3,483207,322138,161069,75.25,1
1,84,61,70,3,2,5,1,92,2837499,5961,12,2,1418749.5,945833,472916.5,76.75,1
1,92,95,59,3,3,4,1,76,6038060,342,12,2,3019030,2012686.667,1006343.333,80.5,3
3,74,54,52,3,3,4,1,91,5727117,3690,2,1,2863558.5,1909039,954519.5,67.75,1
3,80,62,58,3,1,3,1,67,5056629,8988,3,1,2528314.5,1685543,842771.5,66.75,3
3,82,95,95,3,4,5,1,52,4032818,1069,2,1,2016409,1344272.667,672136.3333,81,1
3,60,95,55,3,2,5,1,81,133624,5477,2,2,66812,44541.33333,22270.66667,72.75,1
2,77,75,93,3,1,2,1,93,2248504,3896,3,2,1124252,749501.3333,374750.6667,84.5,1
3,66,52,63,3,3,2,1,65,2979563,4122,4,2,1489781.5,993187.6667,496593.8333,61.5,3
1,89,72,73,3,2,1,1,73,6457614,1094,15,2,3228807,2152538,1076269,76.75,1
3,86,52,72,3,3,4,1,55,2848629,6196,1,3,1424314.5,949543,474771.5,66.25,3
1,86,68,53,3,2,3,1,54,4778186,479,13,2,2389093,1592728.667,796364.3333,65.25,1
2,90,87,59,3,3,3,1,79,2362594,3468,12,3,1181297,787531.3333,393765.6667,78.75,1
2,91,87,91,3,1,1,1,57,6869166,5489,7,2,3434583,2289722,1144861,81.5,1
2,65,54,58,3,3,2,1,90,3168736,3493,3,1,1584368,1056245.333,528122.6667,66.75,3
1,93,97,53,3,4,2,1,98,814366,1335,11,3,407183,271455.3333,135727.6667,85.25,3
2,98,67,63,3,3,2,1,81,5514092,893,2,2,2757046,1838030.667,919015.3333,77.25,1
2,91,95,59,3,1,5,1,66,6245162,2403,13,1,3122581,2081720.667,1040860.333,77.75,1
2,67,68,51,3,1,1,1,59,3237375,4386,1,2,1618687.5,1079125,539562.5,61.25,3
2,80,72,87,3,3,5,1,50,1457166,2542,5,3,728583,485722,242861,72.25,1
1,89,76,69,3,2,1,1,62,1133535,5574,2,3,566767.5,377845,188922.5,74,1
3,86,95,78,3,1,2,1,76,656290,4166,7,2,328145,218763.3333,109381.6667,83.75,1
3,90,76,94,3,4,2,1,74,4930018,5839,6,2,2465009,1643339.333,821669.6667,83.5,3
1,84,70,90,3,2,3,1,88,2669937,4675,4,3,1334968.5,889979,444989.5,83,1
1,66,60,67,3,1,4,1,54,6289332,1434,3,3,3144666,2096444,1048222,61.75,3
2,70,73,63,3,4,2,1,74,1438213,3843,1,2,719106.5,479404.3333,239702.1667,70,1
3,100,97,77,3,4,5,1,99,898046,2763,1,1,449023,299348.6667,149674.3333,93.25,3
3,90,74,92,3,1,4,1,87,4910768,2586,4,3,2455384,1636922.667,818461.3333,85.75,1
2,95,82,64,3,3,4,1,75,6019245,850,12,3,3009622.5,2006415,1003207.5,79,3
3,73,69,68,3,3,4,1,72,2921774,3306,13,1,1460887,973924.6667,486962.3333,70.5,1
2,73,92,84,3,3,4,1,99,5848364,7648,13,3,2924182,1949454.667,974727.3333,87,1
1,94,55,65,3,4,5,1,95,6851867,7238,9,3,3425933.5,2283955.667,1141977.833,77.25,3
3,77,98,61,3,3,1,1,90,2968062,7094,14,1,1484031,989354,494677,81.5,3
3,85,73,86,3,3,3,1,98,603313,6114,1,1,301656.5,201104.3333,100552.1667,85.5,1
2,51,55,100,3,1,3,1,94,6522587,6295,6,3,3261293.5,2174195.667,1087097.833,75,1
3,62,96,97,3,1,2,1,85,130599,1607,14,3,65299.5,43533,21766.5,85,1
3,70,70,74,3,2,4,1,76,3212161,5655,8,2,1606080.5,1070720.333,535360.1667,72.5,1
2,72,54,76,3,4,5,1,86,662339,6476,2,3,331169.5,220779.6667,110389.8333,72,1
1,98,63,91,3,1,4,1,65,111109,4288,13,1,55554.5,37036.33333,18518.16667,79.25,1
1,56,68,86,3,4,2,1,92,383896,3425,9,3,191948,127965.3333,63982.66667,75.5,1
2,72,82,85,3,1,3,1,57,3909665,3740,12,2,1954832.5,1303221.667,651610.8333,74,1
2,53,94,51,3,3,1,1,91,642323,5213,4,2,321161.5,214107.6667,107053.8333,72.25,3
1,79,60,55,3,4,2,1,83,6181659,4326,1,3,3090829.5,2060553,1030276.5,69.25,3
2,89,90,95,3,3,1,1,73,4405330,2013,5,1,2202665,1468443.333,734221.6667,86.75,1
3,83,57,72,3,3,3,1,52,2137042,5558,6,1,1068521,712347.3333,356173.6667,66,3
1,62,58,57,3,1,3,1,62,4126824,5328,1,1,2063412,1375608,687804,59.75,1
1,85,77,97,3,1,2,1,73,352013,6624,14,1,176006.5,117337.6667,58668.83333,83,1
2,61,52,59,3,4,3,1,83,1171002,8952,11,3,585501,390334,195167,63.75,3
3,71,89,84,3,4,5,1,100,3420588,1534,5,1,1710294,1140196,570098,86,1
2,51,88,93,3,1,1,1,74,3376222,767,5,3,1688111,1125407.333,562703.6667,76.5,1
3,96,94,62,3,4,5,1,60,1702571,6450,8,1,851285.5,567523.6667,283761.8333,78,1
3,98,92,82,3,4,4,1,55,5000765,341,9,1,2500382.5,1666921.667,833460.8333,81.75,1
1,93,100,60,3,1,2,1,77,1224657,6202,14,3,612328.5,408219,204109.5,82.5,3
2,99,54,90,3,4,3,1,84,673675,3293,10,1,336837.5,224558.3333,112279.1667,81.75,3
2,70,60,87,3,2,4,1,71,1131681,8246,6,1,565840.5,377227,188613.5,72,1
2,86,54,81,3,1,3,1,90,1160913,8133,12,2,580456.5,386971,193485.5,77.75,1
3,84,57,81,3,3,2,1,65,878218,5621,8,1,439109,292739.3333,146369.6667,71.75,1
3,78,61,74,3,3,4,1,52,6106751,5387,15,1,3053375.5,2035583.667,1017791.833,66.25,1
2,68,73,75,3,3,1,1,86,6092116,7410,4,2,3046058,2030705.333,1015352.667,75.5,3
3,60,62,77,3,1,1,1,83,3143179,689,14,1,1571589.5,1047726.333,523863.1667,70.5,3
1,71,65,80,3,1,4,1,67,6976985,587,8,2,3488492.5,2325661.667,1162830.833,70.75,1
1,87,84,81,3,4,1,1,65,4689266,3261,14,1,2344633,1563088.667,781544.3333,79.25,1
2,77,68,87,3,3,5,1,94,3811656,4707,14,1,1905828,1270552,635276,81.5,1
3,52,78,55,3,2,1,1,76,4342377,5962,8,1,2171188.5,1447459,723729.5,65.25,1
3,73,69,59,3,3,1,1,99,65627,4142,9,1,32813.5,21875.66667,10937.83333,75,1
2,71,100,61,3,2,1,1,74,5703706,2318,14,1,2851853,1901235.333,950617.6667,76.5,1
2,50,56,53,3,1,3,1,52,1111213,1691,14,1,555606.5,370404.3333,185202.1667,52.75,3
3,73,59,79,3,4,4,1,57,823207,4796,11,3,411603.5,274402.3333,137201.1667,67,1
2,72,51,73,3,4,2,1,63,6873968,1844,13,2,3436984,2291322.667,1145661.333,64.75,3
3,86,71,80,3,2,5,1,55,6382608,1299,12,3,3191304,2127536,1063768,73,1
3,61,63,83,3,4,5,1,61,1433148,1544,9,1,716574,477716,238858,67,1
1,99,61,99,3,4,5,1,51,6898649,5006,15,2,3449324.5,2299549.667,1149774.833,77.5,1
1,81,89,53,3,1,1,1,81,6126122,7649,11,3,3063061,2042040.667,1021020.333,76,1
2,81,96,56,3,1,5,1,69,5147390,5593,14,2,2573695,1715796.667,857898.3333,75.5,1
1,99,65,64,3,1,4,1,87,2249254,6626,4,1,1124627,749751.3333,374875.6667,78.75,1
3,50,60,51,3,2,4,1,83,371047,6232,13,1,185523.5,123682.3333,61841.16667,61,3
2,50,93,61,3,2,4,1,55,4560741,2093,5,2,2280370.5,1520247,760123.5,64.75,1
3,73,91,100,3,3,4,1,52,4949431,5702,13,1,2474715.5,1649810.333,824905.1667,79,1
2,96,92,92,3,4,4,1,100,3086603,307,10,3,1543301.5,1028867.667,514433.8333,95,1
1,84,74,87,3,1,2,1,62,5477100,2535,7,2,2738550,1825700,912850,76.75,1
3,76,53,85,3,2,1,1,75,947535,2706,4,1,473767.5,315845,157922.5,72.25,1
2,72,81,98,3,2,2,1,51,1280128,1338,14,2,640064,426709.3333,213354.6667,75.5,1
1,72,52,75,3,2,1,1,84,2857604,5626,14,2,1428802,952534.6667,476267.3333,70.75,3
2,58,51,97,3,4,1,1,72,1599089,5006,9,3,799544.5,533029.6667,266514.8333,69.5,3
3,70,97,72,3,1,1,1,56,3246609,7242,14,1,1623304.5,1082203,541101.5,73.75,1
2,64,52,100,3,3,3,1,76,4673307,7548,13,3,2336653.5,1557769,778884.5,73,1
2,82,72,99,3,2,4,1,93,6809633,8663,8,2,3404816.5,2269877.667,1134938.833,86.5,1
1,100,75,70,3,1,2,1,69,4223842,1708,4,3,2111921,1407947.333,703973.6667,78.5,1
1,59,52,74,3,2,2,1,96,992563,6788,3,2,496281.5,330854.3333,165427.1667,70.25,1
1,55,95,61,3,3,3,1,65,4249098,4220,7,2,2124549,1416366,708183,69,1
1,50,89,81,3,3,2,1,61,2021261,3036,2,3,1010630.5,673753.6667,336876.8333,70.25,3
3,68,80,94,3,2,4,1,61,4638240,7775,3,2,2319120,1546080,773040,75.75,1
2,92,99,97,3,2,1,1,90,5949995,4436,8,1,2974997.5,1983331.667,991665.8333,94.5,3
2,50,97,81,3,1,1,1,72,1539732,2458,11,1,769866,513244,256622,75,1
2,81,93,85,3,1,3,1,59,2450253,1534,13,3,1225126.5,816751,408375.5,79.5,1
2,74,69,70,3,4,2,1,79,2435327,8749,13,3,1217663.5,811775.6667,405887.8333,73,3
2,77,66,78,3,1,2,1,52,6387069,7214,14,3,3193534.5,2129023,1064511.5,68.25,1
1,86,73,60,3,1,5,1,51,1892192,6610,8,3,946096,630730.6667,315365.3333,67.5,1
2,66,53,78,3,3,5,1,78,2339171,555,5,3,1169585.5,779723.6667,389861.8333,68.75,1
2,90,95,86,3,1,3,1,92,746128,5332,14,2,373064,248709.3333,124354.6667,90.75,1
2,61,77,84,3,4,1,1,66,3244263,4565,13,1,1622131.5,1081421,540710.5,72,1
3,81,76,100,3,1,5,1,85,5397394,5996,4,2,2698697,1799131.333,899565.6667,85.5,3
1,83,94,94,3,1,5,1,86,4502270,6235,1,3,2251135,1500756.667,750378.3333,89.25,3
2,99,72,79,3,3,1,1,53,260134,2109,4,2,130067,86711.33333,43355.66667,75.75,1
3,77,57,77,3,2,1,1,69,3473213,5615,9,1,1736606.5,1157737.667,578868.8333,70,1
1,68,64,89,3,4,1,1,56,437370,2700,13,2,218685,145790,72895,69.25,3
1,94,69,86,3,3,1,1,99,3894016,6777,12,1,1947008,1298005.333,649002.6667,87,1
3,74,99,92,3,2,5,1,74,1896674,996,11,1,948337,632224.6667,316112.3333,84.75,1
3,82,64,96,3,1,2,1,55,4673855,6796,7,1,2336927.5,1557951.667,778975.8333,74.25,1
1,74,85,50,3,1,3,1,78,91351,5275,14,2,45675.5,30450.33333,15225.16667,71.75,1
1,63,80,50,3,4,2,1,70,3054209,4033,4,2,1527104.5,1018069.667,509034.8333,65.75,1
1,57,84,60,3,3,3,1,100,733592,5735,11,1,366796,244530.6667,122265.3333,75.25,1
3,60,99,58,3,3,2,1,63,5966115,3043,12,3,2983057.5,1988705,994352.5,70,1
1,81,56,59,3,2,4,1,64,5258009,8887,9,2,2629004.5,1752669.667,876334.8333,65,1
2,68,74,96,3,3,2,1,73,1610258,4308,6,2,805129,536752.6667,268376.3333,77.75,3
1,53,50,64,3,2,2,1,85,4652219,7133,12,3,2326109.5,1550739.667,775369.8333,63,3
2,67,57,59,3,2,2,1,59,4447450,7991,7,3,2223725,1482483.333,741241.6667,60.5,1
1,83,96,61,3,2,4,1,98,4877678,3469,12,1,2438839,1625892.667,812946.3333,84.5,1
3,85,68,71,3,4,1,1,72,3150879,7274,1,1,1575439.5,1050293,525146.5,74,1
3,87,87,50,3,4,4,1,63,3570580,6533,14,2,1785290,1190193.333,595096.6667,71.75,1
3,79,82,81,3,2,2,1,79,5658902,6502,4,3,2829451,1886300.667,943150.3333,80.25,1
3,89,93,87,3,3,4,1,97,6398037,6542,4,2,3199018.5,2132679,1066339.5,91.5,1
3,79,61,86,3,4,5,1,53,6037868,2795,14,2,3018934,2012622.667,1006311.333,69.75,1
3,78,86,63,3,4,1,1,81,707009,3408,4,1,353504.5,235669.6667,117834.8333,77,1
3,76,71,82,3,1,1,1,66,3527287,8070,8,2,1763643.5,1175762.333,587881.1667,73.75,1
2,77,93,50,3,1,1,1,86,1040975,208,13,1,520487.5,346991.6667,173495.8333,76.5,1
2,82,52,95,3,3,3,1,58,6545529,3352,8,1,3272764.5,2181843,1090921.5,71.75,1
2,90,100,61,3,1,3,1,65,2240832,1999,9,1,1120416,746944,373472,79,3
1,64,81,91,3,4,4,1,72,6112988,3466,14,3,3056494,2037662.667,1018831.333,77,3
2,97,91,97,3,2,5,1,60,781798,8080,4,2,390899,260599.3333,130299.6667,86.25,1
3,85,86,63,3,2,4,1,92,4021486,5103,13,3,2010743,1340495.333,670247.6667,81.5,3
1,86,59,50,3,2,1,1,71,2522915,6436,8,1,1261457.5,840971.6667,420485.8333,66.5,3
3,53,86,52,3,1,3,1,69,841398,5494,15,3,420699,280466,140233,65,1
1,77,50,69,3,3,2,1,89,6897462,3051,6,3,3448731,2299154,1149577,71.25,3
2,92,90,78,3,3,4,1,69,2619107,6088,8,3,1309553.5,873035.6667,436517.8333,82.25,1
1,89,96,62,3,4,4,1,59,4090540,7873,11,1,2045270,1363513.333,681756.6667,76.5,1
2,72,80,97,3,1,4,1,77,6662773,4228,7,2,3331386.5,2220924.333,1110462.167,81.5,1
2,100,64,75,3,3,2,1,50,1037324,5721,10,3,518662,345774.6667,172887.3333,72.25,1
1,75,80,100,3,2,5,1,69,5850642,2484,11,1,2925321,1950214,975107,81,1
1,56,58,86,3,2,3,1,53,2083746,6601,8,2,1041873,694582,347291,63.25,1
2,60,85,68,3,2,2,1,55,243396,6162,7,2,121698,81132,40566,67,1
3,56,61,80,3,3,1,1,89,4398858,5089,8,2,2199429,1466286,733143,71.5,1
3,75,68,76,3,1,3,1,98,197046,5094,4,3,98523,65682,32841,79.25,1
3,89,83,60,3,2,3,1,100,4825516,1330,3,2,2412758,1608505.333,804252.6667,83,1
3,99,88,83,3,4,2,1,94,5751418,4029,14,1,2875709,1917139.333,958569.6667,91,1
1,89,57,57,3,3,3,1,52,4620152,7620,6,3,2310076,1540050.667,770025.3333,63.75,1
2,56,83,74,3,2,4,1,95,3963747,644,3,3,1981873.5,1321249,660624.5,77,1
3,99,100,62,3,1,4,1,64,2902868,6874,9,1,1451434,967622.6667,483811.3333,81.25,1
3,96,70,92,3,2,5,1,63,731915,2505,2,2,365957.5,243971.6667,121985.8333,80.25,1
2,96,93,92,3,1,5,1,72,919205,4436,12,3,459602.5,306401.6667,153200.8333,88.25,3
3,57,68,82,3,4,2,1,66,3970041,3435,10,1,1985020.5,1323347,661673.5,68.25,3
1,63,74,92,3,2,5,1,63,514525,2076,4,3,257262.5,171508.3333,85754.16667,73,1
1,75,63,93,3,3,4,1,71,4236255,6101,8,1,2118127.5,1412085,706042.5,75.5,1
2,67,77,57,3,1,1,1,62,1051844,8493,5,1,525922,350614.6667,175307.3333,65.75,1
2,75,93,59,3,4,3,1,58,6843484,6576,10,3,3421742,2281161.333,1140580.667,71.25,1
2,72,50,92,3,3,4,1,79,1177306,2606,10,2,588653,392435.3333,196217.6667,73.25,1
3,75,60,74,3,2,2,1,61,2390493,4048,4,1,1195246.5,796831,398415.5,67.5,1
3,52,57,64,3,3,4,1,70,2304244,7196,9,2,1152122,768081.3333,384040.6667,60.75,1
1,77,69,74,3,3,1,1,87,5134061,4489,9,2,2567030.5,1711353.667,855676.8333,76.75,3
1,87,73,50,3,1,4,1,75,1211544,7326,14,1,605772,403848,201924,71.25,1
1,77,91,88,3,4,2,1,95,999664,4394,8,2,499832,333221.3333,166610.6667,87.75,1
2,96,60,68,3,4,2,1,54,3031501,3023,1,1,1515750.5,1010500.333,505250.1667,69.5,1
3,58,90,82,3,2,5,1,90,2109115,4165,10,2,1054557.5,703038.3333,351519.1667,80,3
1,87,63,85,3,4,4,1,64,1097071,5551,2,3,548535.5,365690.3333,182845.1667,74.75,1
1,59,70,67,3,2,1,1,93,1183267,2682,15,1,591633.5,394422.3333,197211.1667,72.25,1
2,94,100,76,3,4,2,1,74,121479,4929,1,3,60739.5,40493,20246.5,86,3
1,97,56,67,3,3,1,1,69,80420,1932,4,2,40210,26806.66667,13403.33333,72.25,1
3,63,52,71,3,2,5,1,58,4388060,1677,15,1,2194030,1462686.667,731343.3333,61,1
1,86,59,86,3,3,1,1,87,6134364,7862,1,1,3067182,2044788,1022394,79.5,1
1,60,97,73,3,1,3,1,50,3127277,5286,14,1,1563638.5,1042425.667,521212.8333,70,1
1,89,89,72,3,4,1,1,71,228151,2155,9,3,114075.5,76050.33333,38025.16667,80.25,1
2,78,98,52,3,3,1,1,80,1362960,662,15,3,681480,454320,227160,77,3
2,71,79,93,3,4,1,1,65,4806225,501,8,3,2403112.5,1602075,801037.5,77,3
2,76,96,57,3,3,2,1,82,4474089,448,6,1,2237044.5,1491363,745681.5,77.75,1
2,78,86,69,3,1,2,1,62,4654031,8747,5,3,2327015.5,1551343.667,775671.8333,73.75,1
2,84,63,95,3,2,5,1,72,2268636,4327,4,3,1134318,756212,378106,78.5,3
3,96,69,56,3,3,1,1,77,1488415,2755,10,3,744207.5,496138.3333,248069.1667,74.5,1
2,76,93,53,3,1,4,1,51,3797441,7993,8,1,1898720.5,1265813.667,632906.8333,68.25,1
2,60,62,54,3,4,4,1,58,626350,3322,12,2,313175,208783.3333,104391.6667,58.5,1
1,75,50,85,3,2,3,1,79,4746166,511,3,2,2373083,1582055.333,791027.6667,72.25,1
3,79,94,90,3,4,4,1,78,965169,6123,15,3,482584.5,321723,160861.5,85.25,1
3,73,62,89,3,4,4,1,60,2516101,8787,3,3,1258050.5,838700.3333,419350.1667,71,1
1,83,61,75,3,3,1,1,59,5273833,3680,11,3,2636916.5,1757944.333,878972.1667,69.5,1
2,68,76,95,3,4,1,1,62,6721825,5918,13,2,3360912.5,2240608.333,1120304.167,75.25,1
3,69,70,57,3,1,5,1,86,6201869,4331,10,2,3100934.5,2067289.667,1033644.833,70.5,1
1,91,90,70,3,1,2,1,97,5053824,1602,4,2,2526912,1684608,842304,87,1
1,76,94,81,3,3,3,1,77,3349640,7463,5,2,1674820,1116546.667,558273.3333,82,1
2,74,79,77,3,1,1,1,95,5494960,7436,4,3,2747480,1831653.333,915826.6667,81.25,3
3,63,76,78,3,2,2,1,98,2259893,3231,2,3,1129946.5,753297.6667,376648.8333,78.75,3
1,61,86,88,3,1,1,1,74,5553123,5459,11,1,2776561.5,1851041,925520.5,77.25,1
1,51,66,60,3,1,3,1,72,3102657,1043,10,3,1551328.5,1034219,517109.5,62.25,1
1,66,90,67,3,3,3,1,69,2646176,3832,6,3,1323088,882058.6667,441029.3333,73,1
2,77,60,82,3,3,5,1,96,5591655,7372,9,1,2795827.5,1863885,931942.5,78.75,1
3,75,82,72,3,2,4,1,60,3430052,4851,11,3,1715026,1143350.667,571675.3333,72.25,1
2,75,81,83,3,1,4,1,85,4372069,2608,2,2,2186034.5,1457356.333,728678.1667,81,3
3,70,64,64,3,3,1,1,81,4979952,3601,7,1,2489976,1659984,829992,69.75,1
1,72,82,94,3,2,5,1,50,3084804,6964,11,3,1542402,1028268,514134,74.5,1
2,80,70,80,3,1,1,1,87,5577060,6295,12,2,2788530,1859020,929510,79.25,3
1,59,64,94,3,1,1,1,76,6863683,2216,13,2,3431841.5,2287894.333,1143947.167,73.25,1
1,84,72,72,3,2,5,1,62,3586059,3641,6,3,1793029.5,1195353,597676.5,72.5,1
1,72,91,67,3,2,3,1,67,1327606,4881,13,2,663803,442535.3333,221267.6667,74.25,1
3,59,72,92,3,2,2,1,50,3784624,7795,3,2,1892312,1261541.333,630770.6667,68.25,1
1,56,82,71,3,4,5,1,99,2949738,5481,15,3,1474869,983246,491623,77,1
1,52,76,50,3,4,2,1,68,2445915,3756,6,3,1222957.5,815305,407652.5,61.5,1
3,68,94,81,3,2,3,1,95,5289127,4201,1,1,2644563.5,1763042.333,881521.1667,84.5,1
1,60,98,87,3,3,1,1,73,3597184,5478,4,2,1798592,1199061.333,599530.6667,79.5,1
1,56,67,52,3,4,3,1,65,3573503,3401,1,1,1786751.5,1191167.667,595583.8333,60,1
2,92,68,71,3,2,5,1,81,2352502,6184,1,2,1176251,784167.3333,392083.6667,78,1
2,96,92,89,3,3,4,1,62,3915706,5291,9,1,1957853,1305235.333,652617.6667,84.75,3
3,74,55,81,3,3,2,1,91,4903908,7328,14,3,2451954,1634636,817318,75.25,1
1,65,52,60,3,3,1,1,62,4717339,6370,2,2,2358669.5,1572446.333,786223.1667,59.75,1
3,95,81,86,3,1,1,1,68,434624,7815,7,2,217312,144874.6667,72437.33333,82.5,1
3,77,96,86,3,4,5,1,94,4302108,2132,1,2,2151054,1434036,717018,88.25,1
3,88,77,73,3,3,3,1,80,163135,1233,10,3,81567.5,54378.33333,27189.16667,79.5,1
1,64,75,51,3,1,4,1,57,1975053,5517,15,1,987526.5,658351,329175.5,61.75,3
3,94,77,50,3,4,2,1,67,1399235,3685,5,2,699617.5,466411.6667,233205.8333,72,3
1,50,51,55,3,4,5,1,92,4820210,2643,7,2,2410105,1606736.667,803368.3333,62,1
2,79,71,66,3,2,3,1,89,957066,2082,2,1,478533,319022,159511,76.25,1
3,79,70,56,3,1,5,1,57,365584,2462,9,2,182792,121861.3333,60930.66667,65.5,1
3,63,97,50,3,1,3,1,92,3209760,8837,10,3,1604880,1069920,534960,75.5,1
3,75,99,86,3,4,5,1,88,454072,3549,10,3,227036,151357.3333,75678.66667,87,1
3,71,63,87,3,4,4,1,88,1969633,2731,9,2,984816.5,656544.3333,328272.1667,77.25,3
2,56,55,93,3,3,5,1,88,5575584,277,13,1,2787792,1858528,929264,73,1
1,66,99,51,3,4,3,1,99,3448375,5463,10,3,1724187.5,1149458.333,574729.1667,78.75,1
3,68,84,67,3,2,3,1,66,5185308,6849,11,2,2592654,1728436,864218,71.25,1
2,65,65,57,3,3,4,1,99,4905737,6065,8,2,2452868.5,1635245.667,817622.8333,71.5,1
3,64,68,59,3,1,2,1,88,4568747,4196,12,2,2284373.5,1522915.667,761457.8333,69.75,1
3,79,91,100,3,3,4,1,63,6704126,6832,7,2,3352063,2234708.667,1117354.333,83.25,1
1,58,62,84,3,4,3,1,78,2523847,2761,4,2,1261923.5,841282.3333,420641.1667,70.5,1
1,70,52,92,3,3,5,1,51,5897754,5279,7,1,2948877,1965918,982959,66.25,1
